time_uS,Voltage_mV
2500.0,-2.4287257020720627
5000.0,-2.4287257020720627
7500.0,0.0
10000.0,-2.4287257020720627
12500.0,0.0
15000.0,0.0
17500.0,0.0
20000.0,-18.42872594049064
22500.0,-10.42872582128135
25000.0,-10.42872582128135
27500.0,0.0
30000.0,-26.42872605969993
32500.0,-18.42872594049064
35000.0,-10.42872582128135
37500.0,0.0
40000.0,-18.42872594049064
42500.0,-18.42872594049064
45000.0,-34.428726178909216
47500.0,0.0
50000.0,-34.428726178909216
52500.0,0.0
55000.0,0.0
57500.0,0.0
60000.0,-54.42872647693244
62500.0,-30.428726119304574
65000.0,-26.42872605969993
67500.0,0.0
70000.0,-74.42872677495566
72500.0,-30.428726119304574
75000.0,-18.42872594049064
77500.0,0.0
80000.0,-82.42872689416495
82500.0,-82.42872689416495
85000.0,-94.42872707297889
87500.0,2.917996285596682
90000.0,-94.42872707297889
92500.0,2.917996285596682
95000.0,0.0
97500.0,0.0
100000.0,-94.42872707297889
102500.0,-62.42872659614173
105000.0,-38.42872623851386
107500.0,0.0
110000.0,-90.42872701337423
112500.0,-30.428726119304574
115000.0,-42.428726298118505
117500.0,0.0
120000.0,-94.42872707297889
122500.0,-94.42872707297889
125000.0,-90.42872701337423
127500.0,0.0
130000.0,-90.42872701337423
132500.0,0.0
135000.0,-26.42872605969993
137500.0,-26.42872605969993
140000.0,-86.42872695376958
142500.0,-58.428726536537084
145000.0,-42.428726298118505
147500.0,6.917996345201327
150000.0,-58.428726536537084
152500.0,-38.42872623851386
155000.0,-38.42872623851386
157500.0,0.0
160000.0,-46.42872635772315
162500.0,-34.428726178909216
165000.0,-34.428726178909216
167500.0,-6.428725761676711
170000.0,-34.428726178909216
172500.0,-6.428725761676711
175000.0,-18.42872594049064
177500.0,-10.42872582128135
180000.0,-18.42872594049064
182500.0,-10.42872582128135
185000.0,-10.42872582128135
187500.0,2.917996285596682
190000.0,-10.42872582128135
192500.0,-6.428725761676711
195000.0,-6.428725761676711
197500.0,22.917996583619907
200000.0,-6.428725761676711
202500.0,22.917996583619907
205000.0,6.917996345201327
207500.0,6.917996345201327
210000.0,-2.4287257020720627
212500.0,0.0
215000.0,0.0
217500.0,34.917996762433845
220000.0,0.0
222500.0,2.917996285596682
225000.0,-2.4287257020720627
227500.0,38.91799682203849
230000.0,-10.42872582128135
232500.0,0.0
235000.0,14.917996464410617
237500.0,58.91799712006171
240000.0,-14.428725880885995
242500.0,50.917997000852424
245000.0,22.917996583619907
247500.0,22.917996583619907
250000.0,-26.42872605969993
252500.0,-14.428725880885995
255000.0,14.917996464410617
257500.0,54.91799706045707
260000.0,0.0
262500.0,0.0
265000.0,-22.428726000095285
267500.0,42.917996881643134
270000.0,-34.428726178909216
272500.0,2.917996285596682
275000.0,34.917996762433845
277500.0,38.91799682203849
280000.0,-38.42872623851386
282500.0,18.917996524015262
285000.0,0.0
287500.0,14.917996464410617
290000.0,-38.42872623851386
292500.0,-14.428725880885995
295000.0,2.917996285596682
297500.0,22.917996583619907
300000.0,-26.42872605969993
302500.0,-26.42872605969993
305000.0,-34.428726178909216
307500.0,14.917996464410617
310000.0,-34.428726178909216
312500.0,-6.428725761676711
315000.0,-2.4287257020720627
317500.0,0.0
320000.0,-22.428726000095285
322500.0,0.0
325000.0,-6.428725761676711
327500.0,0.0
330000.0,-14.428725880885995
332500.0,-10.42872582128135
335000.0,-2.4287257020720627
337500.0,0.0
340000.0,-10.42872582128135
342500.0,-6.428725761676711
345000.0,2.917996285596682
347500.0,10.917996404805972
350000.0,-6.428725761676711
352500.0,-2.4287257020720627
355000.0,-2.4287257020720627
357500.0,46.91799694124778
360000.0,-10.42872582128135
362500.0,-6.428725761676711
365000.0,0.0
367500.0,74.91799735848029
370000.0,-2.4287257020720627
372500.0,18.917996524015262
375000.0,-2.4287257020720627
377500.0,26.91799664322455
380000.0,-14.428725880885995
382500.0,26.91799664322455
385000.0,70.91799729887565
387500.0,82.91799747768958
390000.0,-10.42872582128135
392500.0,6.917996345201327
395000.0,0.0
397500.0,86.91799753729423
400000.0,-6.428725761676711
402500.0,6.917996345201327
405000.0,42.917996881643134
407500.0,90.91799759689887
410000.0,6.917996345201327
412500.0,34.917996762433845
415000.0,0.0
417500.0,86.91799753729423
420000.0,-6.428725761676711
422500.0,86.91799753729423
425000.0,94.91799765650352
427500.0,94.91799765650352
430000.0,0.0
432500.0,22.917996583619907
435000.0,22.917996583619907
437500.0,90.91799759689887
440000.0,22.917996583619907
442500.0,42.917996881643134
445000.0,50.917997000852424
447500.0,82.91799747768958
450000.0,18.917996524015262
452500.0,34.917996762433845
455000.0,18.917996524015262
457500.0,70.91799729887565
460000.0,18.917996524015262
462500.0,70.91799729887565
465000.0,66.917997239271
467500.0,66.917997239271
470000.0,10.917996404805972
472500.0,26.91799664322455
475000.0,30.917996702829196
477500.0,62.91799717966636
480000.0,18.917996524015262
482500.0,34.917996762433845
485000.0,34.917996762433845
487500.0,50.917997000852424
490000.0,18.917996524015262
492500.0,18.917996524015262
495000.0,14.917996464410617
497500.0,38.91799682203849
500000.0,14.917996464410617
502500.0,38.91799682203849
505000.0,38.91799682203849
507500.0,38.91799682203849
510000.0,6.917996345201327
512500.0,14.917996464410617
515000.0,10.917996404805972
517500.0,26.91799664322455
520000.0,6.917996345201327
522500.0,14.917996464410617
525000.0,18.917996524015262
527500.0,18.917996524015262
530000.0,2.917996285596682
532500.0,2.917996285596682
535000.0,2.917996285596682
537500.0,10.917996404805972
540000.0,2.917996285596682
542500.0,6.917996345201327
545000.0,6.917996345201327
547500.0,6.917996345201327
550000.0,2.917996285596682
552500.0,2.917996285596682
555000.0,0.0
557500.0,0.0
560000.0,0.0
562500.0,0.0
565000.0,0.0
567500.0,0.0
570000.0,0.0
572500.0,0.0
575000.0,0.0
577500.0,0.0
580000.0,-14.428725880885995
582500.0,-14.428725880885995
585000.0,-14.428725880885995
587500.0,0.0
590000.0,-14.428725880885995
592500.0,0.0
595000.0,-6.428725761676711
597500.0,0.0
600000.0,-30.428726119304574
602500.0,-22.428726000095285
605000.0,-26.42872605969993
607500.0,0.0
610000.0,-66.42872665574637
612500.0,0.0
615000.0,-2.4287257020720627
617500.0,-2.4287257020720627
620000.0,-94.42872707297889
622500.0,-94.42872707297889
625000.0,-82.42872689416495
627500.0,-2.4287257020720627
630000.0,-82.42872689416495
632500.0,-14.428725880885995
635000.0,-42.428726298118505
637500.0,-2.4287257020720627
640000.0,-130.42872760942072
642500.0,-102.42872719218819
645000.0,-94.42872707297889
647500.0,-18.42872594049064
650000.0,-162.4287280862579
652500.0,-18.42872594049064
655000.0,-30.428726119304574
657500.0,-30.428726119304574
660000.0,-114.42872737100211
662500.0,-90.42872701337423
665000.0,-98.42872713258353
667500.0,-46.42872635772315
670000.0,-98.42872713258353
672500.0,-58.428726536537084
675000.0,-70.42872671535103
677500.0,22.917996583619907
680000.0,-70.42872671535103
682500.0,22.917996583619907
685000.0,2.917996285596682
687500.0,90.91799759689887
690000.0,-46.42872635772315
692500.0,-22.428726000095285
695000.0,0.0
697500.0,126.91799813334066
700000.0,0.0
702500.0,126.91799813334066
705000.0,102.9179977757128
707500.0,102.9179977757128
710000.0,26.91799664322455
712500.0,66.917997239271
715000.0,86.91799753729423
717500.0,110.9179978949221
720000.0,46.91799694124778
722500.0,86.91799753729423
725000.0,74.91799735848029
727500.0,90.91799759689887
730000.0,42.917996881643134
732500.0,42.917996881643134
735000.0,50.917997000852424
737500.0,66.917997239271
740000.0,38.91799682203849
742500.0,62.91799717966636
745000.0,50.917997000852424
747500.0,50.917997000852424
750000.0,30.917996702829196
752500.0,34.917996762433845
755000.0,34.917996762433845
757500.0,38.91799682203849
760000.0,18.917996524015262
762500.0,22.917996583619907
765000.0,22.917996583619907
767500.0,22.917996583619907
770000.0,10.917996404805972
772500.0,10.917996404805972
775000.0,10.917996404805972
777500.0,14.917996464410617
780000.0,0.0
782500.0,0.0
785000.0,2.917996285596682
787500.0,6.917996345201327
790000.0,0.0
792500.0,0.0
795000.0,0.0
797500.0,0.0
800000.0,0.0
802500.0,0.0
805000.0,0.0
807500.0,0.0
810000.0,-14.428725880885995
812500.0,0.0
815000.0,0.0
817500.0,0.0
820000.0,-42.428726298118505
822500.0,-30.428726119304574
825000.0,-10.42872582128135
827500.0,0.0
830000.0,-26.42872605969993
832500.0,-6.428725761676711
835000.0,-30.428726119304574
837500.0,0.0
840000.0,-74.42872677495566
842500.0,-38.42872623851386
845000.0,-14.428725880885995
847500.0,0.0
850000.0,-98.42872713258353
852500.0,-6.428725761676711
855000.0,-42.428726298118505
857500.0,-10.42872582128135
860000.0,-154.4287279670486
862500.0,-118.42872743060676
865000.0,-50.428726417327795
867500.0,-2.4287257020720627
870000.0,-118.42872743060676
872500.0,-78.42872683456031
875000.0,-138.42872772863
877500.0,-10.42872582128135
880000.0,-170.42872820546714
882500.0,-122.42872749021141
885000.0,-78.42872683456031
887500.0,-50.428726417327795
890000.0,-110.42872731139747
892500.0,-62.42872659614173
895000.0,-82.42872689416495
897500.0,30.917996702829196
900000.0,-82.42872689416495
902500.0,6.917996345201327
905000.0,-34.428726178909216
907500.0,18.917996524015262
910000.0,-62.42872659614173
912500.0,0.0
915000.0,58.91799712006171
917500.0,94.91799765650352
920000.0,-26.42872605969993
922500.0,82.91799747768958
925000.0,42.917996881643134
927500.0,118.91799801413137
930000.0,0.0
932500.0,0.0
935000.0,50.917997000852424
937500.0,110.9179978949221
940000.0,46.91799694124778
942500.0,94.91799765650352
945000.0,54.91799706045707
947500.0,74.91799735848029
950000.0,26.91799664322455
952500.0,66.917997239271
955000.0,86.91799753729423
957500.0,94.91799765650352
960000.0,34.917996762433845
962500.0,50.917997000852424
965000.0,38.91799682203849
967500.0,70.91799729887565
970000.0,22.917996583619907
972500.0,34.917996762433845
975000.0,46.91799694124778
977500.0,50.917997000852424
980000.0,26.91799664322455
982500.0,34.917996762433845
985000.0,18.917996524015262
987500.0,34.917996762433845
990000.0,10.917996404805972
992500.0,26.91799664322455
995000.0,34.917996762433845
997500.0,34.917996762433845
1000000.0,2.917996285596682
1002500.0,18.917996524015262
1005000.0,10.917996404805972
1007500.0,26.91799664322455
1010000.0,6.917996345201327
1012500.0,10.917996404805972
1015000.0,10.917996404805972
1017500.0,14.917996464410617
1020000.0,6.917996345201327
1022500.0,6.917996345201327
1025000.0,2.917996285596682
1027500.0,6.917996345201327
1030000.0,2.917996285596682
1032500.0,2.917996285596682
1035000.0,2.917996285596682
1037500.0,2.917996285596682
1040000.0,0.0
1042500.0,0.0
1045000.0,0.0
1047500.0,0.0
1050000.0,0.0
1052500.0,0.0
1055000.0,0.0
1057500.0,0.0
1060000.0,0.0
1062500.0,0.0
1065000.0,0.0
1067500.0,0.0
1070000.0,0.0
1072500.0,0.0
1075000.0,-2.4287257020720627
1077500.0,0.0
1080000.0,-2.4287257020720627
1082500.0,0.0
1085000.0,0.0
1087500.0,0.0
1090000.0,-6.428725761676711
1092500.0,0.0
1095000.0,-2.4287257020720627
1097500.0,0.0
1100000.0,-14.428725880885995
1102500.0,0.0
1105000.0,0.0
1107500.0,0.0
1110000.0,-18.42872594049064
1112500.0,-18.42872594049064
1115000.0,-26.42872605969993
1117500.0,0.0
1120000.0,-26.42872605969993
1122500.0,0.0
1125000.0,0.0
1127500.0,0.0
1130000.0,-26.42872605969993
1132500.0,-2.4287257020720627
1135000.0,-10.42872582128135
1137500.0,0.0
1140000.0,-30.428726119304574
1142500.0,0.0
1145000.0,0.0
1147500.0,0.0
1150000.0,-30.428726119304574
1152500.0,-30.428726119304574
1155000.0,-42.428726298118505
1157500.0,6.917996345201327
1160000.0,-42.428726298118505
1162500.0,0.0
1165000.0,0.0
1167500.0,10.917996404805972
1170000.0,-54.42872647693244
1172500.0,-2.4287257020720627
1175000.0,-14.428725880885995
1177500.0,0.0
1180000.0,-50.428726417327795
1182500.0,0.0
1185000.0,10.917996404805972
1187500.0,10.917996404805972
1190000.0,-34.428726178909216
1192500.0,-34.428726178909216
1195000.0,-50.428726417327795
1197500.0,10.917996404805972
1200000.0,-50.428726417327795
1202500.0,0.0
1205000.0,2.917996285596682
1207500.0,14.917996464410617
1210000.0,-38.42872623851386
1212500.0,-6.428725761676711
1215000.0,-18.42872594049064
1217500.0,18.917996524015262
1220000.0,-38.42872623851386
1222500.0,18.917996524015262
1225000.0,26.91799664322455
1227500.0,26.91799664322455
1230000.0,-42.428726298118505
1232500.0,-42.428726298118505
1235000.0,-34.428726178909216
1237500.0,18.917996524015262
1240000.0,-34.428726178909216
1242500.0,18.917996524015262
1245000.0,10.917996404805972
1247500.0,18.917996524015262
1250000.0,-34.428726178909216
1252500.0,-2.4287257020720627
1255000.0,-2.4287257020720627
1257500.0,18.917996524015262
1260000.0,-30.428726119304574
1262500.0,18.917996524015262
1265000.0,22.917996583619907
1267500.0,22.917996583619907
1270000.0,-34.428726178909216
1272500.0,-34.428726178909216
1275000.0,-26.42872605969993
1277500.0,26.91799664322455
1280000.0,-26.42872605969993
1282500.0,14.917996464410617
1285000.0,2.917996285596682
1287500.0,30.917996702829196
1290000.0,-42.428726298118505
1292500.0,-2.4287257020720627
1295000.0,0.0
1297500.0,18.917996524015262
1300000.0,-30.428726119304574
1302500.0,18.917996524015262
1305000.0,14.917996464410617
1307500.0,14.917996464410617
1310000.0,-14.428725880885995
1312500.0,-14.428725880885995
1315000.0,0.0
1317500.0,22.917996583619907
1320000.0,0.0
1322500.0,18.917996524015262
1325000.0,6.917996345201327
1327500.0,26.91799664322455
1330000.0,-6.428725761676711
1332500.0,0.0
1335000.0,0.0
1337500.0,26.91799664322455
1340000.0,-10.42872582128135
1342500.0,26.91799664322455
1345000.0,26.91799664322455
1347500.0,26.91799664322455
1350000.0,-6.428725761676711
1352500.0,-6.428725761676711
1355000.0,0.0
1357500.0,22.917996583619907
1360000.0,0.0
1362500.0,14.917996464410617
1365000.0,6.917996345201327
1367500.0,14.917996464410617
1370000.0,0.0
1372500.0,2.917996285596682
1375000.0,6.917996345201327
1377500.0,14.917996464410617
1380000.0,0.0
1382500.0,14.917996464410617
1385000.0,10.917996404805972
1387500.0,10.917996404805972
1390000.0,0.0
1392500.0,0.0
1395000.0,2.917996285596682
1397500.0,10.917996404805972
1400000.0,2.917996285596682
1402500.0,6.917996345201327
1405000.0,0.0
1407500.0,6.917996345201327
1410000.0,0.0
1412500.0,0.0
1415000.0,2.917996285596682
1417500.0,6.917996345201327
1420000.0,0.0
1422500.0,2.917996285596682
1425000.0,2.917996285596682
1427500.0,2.917996285596682
1430000.0,0.0
1432500.0,0.0
1435000.0,2.917996285596682
1437500.0,2.917996285596682
1440000.0,0.0
1442500.0,0.0
1445000.0,0.0
1447500.0,0.0
1450000.0,0.0
1452500.0,0.0
1455000.0,0.0
1457500.0,0.0
1460000.0,0.0
1462500.0,0.0
1465000.0,0.0
1467500.0,0.0
1470000.0,0.0
1472500.0,0.0
1475000.0,0.0
1477500.0,0.0
1480000.0,-2.4287257020720627
1482500.0,0.0
1485000.0,0.0
1487500.0,0.0
1490000.0,-6.428725761676711
1492500.0,0.0
1495000.0,-2.4287257020720627
1497500.0,0.0
1500000.0,-14.428725880885995
1502500.0,-10.42872582128135
1505000.0,-6.428725761676711
1507500.0,0.0
1510000.0,-14.428725880885995
1512500.0,0.0
1515000.0,-18.42872594049064
1517500.0,-6.428725761676711
1520000.0,-38.42872623851386
1522500.0,-10.42872582128135
1525000.0,0.0
1527500.0,0.0
1530000.0,-42.428726298118505
1532500.0,-26.42872605969993
1535000.0,-38.42872623851386
1537500.0,0.0
1540000.0,-62.42872659614173
1542500.0,-38.42872623851386
1545000.0,-22.428726000095285
1547500.0,-2.4287257020720627
1550000.0,-70.42872671535103
1552500.0,-38.42872623851386
1555000.0,-82.42872689416495
1557500.0,-38.42872623851386
1560000.0,-106.42872725179282
1562500.0,-38.42872623851386
1565000.0,-14.428725880885995
1567500.0,-6.428725761676711
1570000.0,-134.42872766902536
1572500.0,-86.42872695376958
1575000.0,-114.42872737100211
1577500.0,0.0
1580000.0,-134.42872766902536
1582500.0,-122.42872749021141
1585000.0,-90.42872701337423
1587500.0,-30.428726119304574
1590000.0,-106.42872725179282
1592500.0,-74.42872677495566
1595000.0,-78.42872683456031
1597500.0,-38.42872623851386
1600000.0,-78.42872683456031
1602500.0,-54.42872647693244
1605000.0,-42.428726298118505
1607500.0,6.917996345201327
1610000.0,-46.42872635772315
1612500.0,0.0
1615000.0,18.917996524015262
1617500.0,102.9179977757128
1620000.0,-18.42872594049064
1622500.0,62.91799717966636
1625000.0,30.917996702829196
1627500.0,86.91799753729423
1630000.0,0.0
1632500.0,86.91799753729423
1635000.0,122.91799807373602
1637500.0,122.91799807373602
1640000.0,38.91799682203849
1642500.0,38.91799682203849
1645000.0,14.917996464410617
1647500.0,110.9179978949221
1650000.0,14.917996464410617
1652500.0,90.91799759689887
1655000.0,90.91799759689887
1657500.0,90.91799759689887
1660000.0,38.91799682203849
1662500.0,62.91799717966636
1665000.0,58.91799712006171
1667500.0,70.91799729887565
1670000.0,30.917996702829196
1672500.0,58.91799712006171
1675000.0,62.91799717966636
1677500.0,62.91799717966636
1680000.0,26.91799664322455
1682500.0,26.91799664322455
1685000.0,22.917996583619907
1687500.0,42.917996881643134
1690000.0,22.917996583619907
1692500.0,30.917996702829196
1695000.0,30.917996702829196
1697500.0,30.917996702829196
1700000.0,10.917996404805972
1702500.0,22.917996583619907
1705000.0,18.917996524015262
1707500.0,22.917996583619907
1710000.0,10.917996404805972
1712500.0,14.917996464410617
1715000.0,10.917996404805972
1717500.0,10.917996404805972
1720000.0,2.917996285596682
1722500.0,2.917996285596682
1725000.0,6.917996345201327
1727500.0,6.917996345201327
1730000.0,0.0
1732500.0,0.0
1735000.0,0.0
1737500.0,2.917996285596682
1740000.0,0.0
1742500.0,0.0
1745000.0,0.0
1747500.0,0.0
1750000.0,-6.428725761676711
1752500.0,-6.428725761676711
1755000.0,-14.428725880885995
1757500.0,0.0
1760000.0,-14.428725880885995
1762500.0,0.0
1765000.0,0.0
1767500.0,0.0
1770000.0,-22.428726000095285
1772500.0,-22.428726000095285
1775000.0,-18.42872594049064
1777500.0,0.0
1780000.0,-50.428726417327795
1782500.0,-14.428725880885995
1785000.0,-18.42872594049064
1787500.0,-6.428725761676711
1790000.0,-82.42872689416495
1792500.0,-82.42872689416495
1795000.0,-78.42872683456031
1797500.0,-6.428725761676711
1800000.0,-78.42872683456031
1802500.0,-6.428725761676711
1805000.0,-30.428726119304574
1807500.0,-30.428726119304574
1810000.0,-134.42872766902536
1812500.0,-106.42872725179282
1815000.0,-90.42872701337423
1817500.0,-22.428726000095285
1820000.0,-142.42872778823465
1822500.0,-90.42872701337423
1825000.0,-102.42872719218819
1827500.0,-46.42872635772315
1830000.0,-130.42872760942072
1832500.0,-98.42872713258353
1835000.0,-94.42872707297889
1837500.0,-58.428726536537084
1840000.0,-94.42872707297889
1842500.0,-58.428726536537084
1845000.0,-62.42872659614173
1847500.0,10.917996404805972
1850000.0,-62.42872659614173
1852500.0,2.917996285596682
1855000.0,-18.42872594049064
1857500.0,70.91799729887565
1860000.0,-38.42872623851386
1862500.0,38.91799682203849
1865000.0,70.91799729887565
1867500.0,94.91799765650352
1870000.0,2.917996285596682
1872500.0,94.91799765650352
1875000.0,86.91799753729423
1877500.0,90.91799759689887
1880000.0,38.91799682203849
1882500.0,46.91799694124778
1885000.0,66.917997239271
1887500.0,94.91799765650352
1890000.0,62.91799717966636
1892500.0,70.91799729887565
1895000.0,58.91799712006171
1897500.0,82.91799747768958
1900000.0,34.917996762433845
1902500.0,54.91799706045707
1905000.0,58.91799712006171
1907500.0,66.917997239271
1910000.0,30.917996702829196
1912500.0,62.91799717966636
1915000.0,50.917997000852424
1917500.0,50.917997000852424
1920000.0,18.917996524015262
1922500.0,26.91799664322455
1925000.0,38.91799682203849
1927500.0,42.917996881643134
1930000.0,30.917996702829196
1932500.0,30.917996702829196
1935000.0,22.917996583619907
1937500.0,26.91799664322455
1940000.0,14.917996464410617
1942500.0,18.917996524015262
1945000.0,18.917996524015262
1947500.0,18.917996524015262
1950000.0,10.917996404805972
1952500.0,14.917996464410617
1955000.0,10.917996404805972
1957500.0,10.917996404805972
1960000.0,2.917996285596682
1962500.0,6.917996345201327
1965000.0,10.917996404805972
1967500.0,10.917996404805972
1970000.0,2.917996285596682
1972500.0,2.917996285596682
1975000.0,2.917996285596682
1977500.0,2.917996285596682
1980000.0,0.0
1982500.0,0.0
1985000.0,0.0
1987500.0,0.0
1990000.0,0.0
1992500.0,0.0
1995000.0,0.0
1997500.0,0.0
2000000.0,0.0
2002500.0,0.0
2005000.0,-2.4287257020720627
2007500.0,0.0
2010000.0,-6.428725761676711
2012500.0,0.0
2015000.0,0.0
2017500.0,0.0
2020000.0,-18.42872594049064
2022500.0,-2.4287257020720627
2025000.0,-10.42872582128135
2027500.0,0.0
2030000.0,-30.428726119304574
2032500.0,-22.428726000095285
2035000.0,-10.42872582128135
2037500.0,0.0
2040000.0,-22.428726000095285
2042500.0,-6.428725761676711
2045000.0,-26.42872605969993
2047500.0,-2.4287257020720627
2050000.0,-34.428726178909216
2052500.0,-2.4287257020720627
2055000.0,0.0
2057500.0,0.0
2060000.0,-50.428726417327795
2062500.0,-18.42872594049064
2065000.0,-34.428726178909216
2067500.0,0.0
2070000.0,-58.428726536537084
2072500.0,-38.42872623851386
2075000.0,-18.42872594049064
2077500.0,0.0
2080000.0,-30.428726119304574
2082500.0,-30.428726119304574
2085000.0,-66.42872665574637
2087500.0,0.0
2090000.0,-82.42872689416495
2092500.0,0.0
2095000.0,10.917996404805972
2097500.0,10.917996404805972
2100000.0,-78.42872683456031
2102500.0,-54.42872647693244
2105000.0,-66.42872665574637
2107500.0,0.0
2110000.0,-86.42872695376958
2112500.0,-42.428726298118505
2115000.0,-22.428726000095285
2117500.0,2.917996285596682
2120000.0,-74.42872677495566
2122500.0,-62.42872659614173
2125000.0,-106.42872725179282
2127500.0,-2.4287257020720627
2130000.0,-106.42872725179282
2132500.0,-2.4287257020720627
2135000.0,10.917996404805972
2137500.0,10.917996404805972
2140000.0,-110.42872731139747
2142500.0,-74.42872677495566
2145000.0,-74.42872677495566
2147500.0,18.917996524015262
2150000.0,-90.42872701337423
2152500.0,-50.428726417327795
2155000.0,-30.428726119304574
2157500.0,6.917996345201327
2160000.0,-78.42872683456031
2162500.0,-50.428726417327795
2165000.0,-66.42872665574637
2167500.0,-2.4287257020720627
2170000.0,-66.42872665574637
2172500.0,-2.4287257020720627
2175000.0,0.0
2177500.0,0.0
2180000.0,-38.42872623851386
2182500.0,-30.428726119304574
2185000.0,-34.428726178909216
2187500.0,6.917996345201327
2190000.0,-34.428726178909216
2192500.0,-18.42872594049064
2195000.0,-14.428725880885995
2197500.0,2.917996285596682
2200000.0,-18.42872594049064
2202500.0,-2.4287257020720627
2205000.0,6.917996345201327
2207500.0,6.917996345201327
2210000.0,-14.428725880885995
2212500.0,0.0
2215000.0,0.0
2217500.0,2.917996285596682
2220000.0,-10.42872582128135
2222500.0,0.0
2225000.0,0.0
2227500.0,18.917996524015262
2230000.0,-6.428725761676711
2232500.0,-2.4287257020720627
2235000.0,-6.428725761676711
2237500.0,10.917996404805972
2240000.0,-6.428725761676711
2242500.0,10.917996404805972
2245000.0,18.917996524015262
2247500.0,18.917996524015262
2250000.0,-6.428725761676711
2252500.0,2.917996285596682
2255000.0,0.0
2257500.0,22.917996583619907
2260000.0,-6.428725761676711
2262500.0,0.0
2265000.0,0.0
2267500.0,0.0
2270000.0,-2.4287257020720627
2272500.0,-2.4287257020720627
2275000.0,-2.4287257020720627
2277500.0,18.917996524015262
2280000.0,-2.4287257020720627
2282500.0,0.0
2285000.0,0.0
2287500.0,22.917996583619907
2290000.0,-2.4287257020720627
2292500.0,22.917996583619907
2295000.0,18.917996524015262
2297500.0,18.917996524015262
2300000.0,-2.4287257020720627
2302500.0,-2.4287257020720627
2305000.0,0.0
2307500.0,42.917996881643134
2310000.0,-6.428725761676711
2312500.0,2.917996285596682
2315000.0,0.0
2317500.0,66.917997239271
2320000.0,-14.428725880885995
2322500.0,-14.428725880885995
2325000.0,-18.42872594049064
2327500.0,66.917997239271
2330000.0,-18.42872594049064
2332500.0,66.917997239271
2335000.0,42.917996881643134
2337500.0,42.917996881643134
2340000.0,-18.42872594049064
2342500.0,-10.42872582128135
2345000.0,2.917996285596682
2347500.0,82.91799747768958
2350000.0,-26.42872605969993
2352500.0,46.91799694124778
2355000.0,38.91799682203849
2357500.0,90.91799759689887
2360000.0,-30.428726119304574
2362500.0,-30.428726119304574
2365000.0,-22.428726000095285
2367500.0,98.91799771610818
2370000.0,-22.428726000095285
2372500.0,98.91799771610818
2375000.0,62.91799717966636
2377500.0,62.91799717966636
2380000.0,-22.428726000095285
2382500.0,-6.428725761676711
2385000.0,30.917996702829196
2387500.0,106.91799783531745
2390000.0,-2.4287257020720627
2392500.0,58.91799712006171
2395000.0,34.917996762433845
2397500.0,94.91799765650352
2400000.0,-2.4287257020720627
2402500.0,-2.4287257020720627
2405000.0,10.917996404805972
2407500.0,86.91799753729423
2410000.0,6.917996345201327
2412500.0,86.91799753729423
2415000.0,58.91799712006171
2417500.0,66.917997239271
2420000.0,-2.4287257020720627
2422500.0,26.91799664322455
2425000.0,54.91799706045707
2427500.0,86.91799753729423
2430000.0,2.917996285596682
2432500.0,58.91799712006171
2435000.0,38.91799682203849
2437500.0,74.91799735848029
2440000.0,10.917996404805972
2442500.0,10.917996404805972
2445000.0,30.917996702829196
2447500.0,62.91799717966636
2450000.0,14.917996464410617
2452500.0,62.91799717966636
2455000.0,46.91799694124778
2457500.0,46.91799694124778
2460000.0,10.917996404805972
2462500.0,22.917996583619907
2465000.0,38.91799682203849
2467500.0,50.917997000852424
2470000.0,6.917996345201327
2472500.0,30.917996702829196
2475000.0,26.91799664322455
2477500.0,38.91799682203849
2480000.0,6.917996345201327
2482500.0,10.917996404805972
2485000.0,18.917996524015262
2487500.0,26.91799664322455
2490000.0,10.917996404805972
2492500.0,26.91799664322455
2495000.0,18.917996524015262
2497500.0,18.917996524015262
2500000.0,2.917996285596682
2502500.0,6.917996345201327
2505000.0,14.917996464410617
2507500.0,18.917996524015262
2510000.0,0.0
2512500.0,6.917996345201327
2515000.0,6.917996345201327
2517500.0,6.917996345201327
2520000.0,0.0
2522500.0,2.917996285596682
2525000.0,6.917996345201327
2527500.0,10.917996404805972
2530000.0,0.0
2532500.0,2.917996285596682
2535000.0,0.0
2537500.0,0.0
2540000.0,0.0
2542500.0,0.0
2545000.0,0.0
2547500.0,0.0
2550000.0,0.0
2552500.0,0.0
2555000.0,0.0
2557500.0,0.0
2560000.0,-6.428725761676711
2562500.0,0.0
2565000.0,0.0
2567500.0,0.0
2570000.0,-14.428725880885995
2572500.0,-6.428725761676711
2575000.0,0.0
2577500.0,0.0
2580000.0,-14.428725880885995
2582500.0,0.0
2585000.0,-14.428725880885995
2587500.0,0.0
2590000.0,-26.42872605969993
2592500.0,-22.428726000095285
2595000.0,-6.428725761676711
2597500.0,0.0
2600000.0,-58.428726536537084
2602500.0,0.0
2605000.0,-18.42872594049064
2607500.0,0.0
2610000.0,-110.42872731139747
2612500.0,-66.42872665574637
2615000.0,-14.428725880885995
2617500.0,0.0
2620000.0,-70.42872671535103
2622500.0,-38.42872623851386
2625000.0,-86.42872695376958
2627500.0,-6.428725761676711
2630000.0,-122.42872749021141
2632500.0,-82.42872689416495
2635000.0,-46.42872635772315
2637500.0,-10.42872582128135
2640000.0,-162.4287280862579
2642500.0,-26.42872605969993
2645000.0,-90.42872701337423
2647500.0,-62.42872659614173
2650000.0,-138.42872772863
2652500.0,-122.42872749021141
2655000.0,-82.42872689416495
2657500.0,-34.428726178909216
2660000.0,-98.42872713258353
2662500.0,-78.42872683456031
2665000.0,-38.42872623851386
2667500.0,0.0
2670000.0,-70.42872671535103
2672500.0,-30.428726119304574
2675000.0,-54.42872647693244
2677500.0,86.91799753729423
2680000.0,-58.428726536537084
2682500.0,0.0
2685000.0,42.917996881643134
2687500.0,114.91799795452673
2690000.0,-2.4287257020720627
2692500.0,66.917997239271
2695000.0,18.917996524015262
2697500.0,90.91799759689887
2700000.0,2.917996285596682
2702500.0,82.91799747768958
2705000.0,106.91799783531745
2707500.0,114.91799795452673
2710000.0,18.917996524015262
2712500.0,78.91799741808494
2715000.0,50.917997000852424
2717500.0,102.9179977757128
2720000.0,18.917996524015262
2722500.0,42.917996881643134
2725000.0,66.917997239271
2727500.0,82.91799747768958
2730000.0,38.91799682203849
2732500.0,58.91799712006171
2735000.0,38.91799682203849
2737500.0,62.91799717966636
2740000.0,26.91799664322455
2742500.0,50.917997000852424
2745000.0,58.91799712006171
2747500.0,58.91799712006171
2750000.0,18.917996524015262
2752500.0,38.91799682203849
2755000.0,26.91799664322455
2757500.0,42.917996881643134
2760000.0,14.917996464410617
2762500.0,22.917996583619907
2765000.0,26.91799664322455
2767500.0,30.917996702829196
2770000.0,14.917996464410617
2772500.0,18.917996524015262
2775000.0,10.917996404805972
2777500.0,14.917996464410617
2780000.0,6.917996345201327
2782500.0,10.917996404805972
2785000.0,6.917996345201327
2787500.0,6.917996345201327
2790000.0,2.917996285596682
2792500.0,2.917996285596682
2795000.0,2.917996285596682
2797500.0,2.917996285596682
2800000.0,0.0
2802500.0,0.0
2805000.0,0.0
2807500.0,0.0
2810000.0,-10.42872582128135
2812500.0,0.0
2815000.0,0.0
2817500.0,0.0
2820000.0,-14.428725880885995
2822500.0,-14.428725880885995
2825000.0,-30.428726119304574
2827500.0,0.0
2830000.0,-30.428726119304574
2832500.0,-2.4287257020720627
2835000.0,0.0
2837500.0,0.0
2840000.0,-66.42872665574637
2842500.0,-22.428726000095285
2845000.0,-42.428726298118505
2847500.0,-2.4287257020720627
2850000.0,-114.42872737100211
2852500.0,-22.428726000095285
2855000.0,0.0
2857500.0,0.0
2860000.0,-110.42872731139747
2862500.0,-110.42872731139747
2865000.0,-146.4287278478393
2867500.0,-2.4287257020720627
2870000.0,-146.4287278478393
2872500.0,-58.428726536537084
2875000.0,-22.428726000095285
2877500.0,0.0
2880000.0,-174.4287282650718
2882500.0,-78.42872683456031
2885000.0,-134.42872766902536
2887500.0,-50.428726417327795
2890000.0,-142.42872778823465
2892500.0,-78.42872683456031
2895000.0,-18.42872594049064
2897500.0,-18.42872594049064
2900000.0,-90.42872701337423
2902500.0,-30.428726119304574
2905000.0,10.917996404805972
2907500.0,10.917996404805972
2910000.0,-66.42872665574637
2912500.0,-54.42872647693244
2915000.0,-54.42872647693244
2917500.0,66.917997239271
2920000.0,-58.428726536537084
2922500.0,6.917996345201327
2925000.0,58.91799712006171
2927500.0,118.91799801413137
2930000.0,-34.428726178909216
2932500.0,0.0
2935000.0,-46.42872635772315
2937500.0,118.91799801413137
2940000.0,-46.42872635772315
2942500.0,118.91799801413137
2945000.0,146.91799843136388
2947500.0,146.91799843136388
2950000.0,-14.428725880885995
2952500.0,14.917996464410617
2955000.0,0.0
2957500.0,130.91799819294533
2960000.0,0.0
2962500.0,86.91799753729423
2965000.0,94.91799765650352
2967500.0,102.9179977757128
2970000.0,14.917996464410617
2972500.0,42.917996881643134
2975000.0,22.917996583619907
2977500.0,74.91799735848029
2980000.0,22.917996583619907
2982500.0,70.91799729887565
2985000.0,70.91799729887565
2987500.0,70.91799729887565
2990000.0,18.917996524015262
2992500.0,30.917996702829196
2995000.0,26.91799664322455
2997500.0,54.91799706045707
3000000.0,6.917996345201327
3002500.0,34.917996762433845
3005000.0,38.91799682203849
3007500.0,38.91799682203849
3010000.0,10.917996404805972
3012500.0,14.917996464410617
3015000.0,6.917996345201327
3017500.0,30.917996702829196
3020000.0,6.917996345201327
3022500.0,26.91799664322455
3025000.0,22.917996583619907
3027500.0,22.917996583619907
3030000.0,6.917996345201327
3032500.0,6.917996345201327
3035000.0,6.917996345201327
3037500.0,10.917996404805972
3040000.0,2.917996285596682
3042500.0,6.917996345201327
3045000.0,6.917996345201327
3047500.0,6.917996345201327
3050000.0,0.0
3052500.0,0.0
3055000.0,0.0
3057500.0,0.0
3060000.0,0.0
3062500.0,0.0
3065000.0,0.0
3067500.0,2.917996285596682
3070000.0,0.0
3072500.0,0.0
3075000.0,0.0
3077500.0,0.0
3080000.0,-10.42872582128135
3082500.0,0.0
3085000.0,-2.4287257020720627
3087500.0,0.0
3090000.0,-14.428725880885995
3092500.0,0.0
3095000.0,0.0
3097500.0,0.0
3100000.0,-18.42872594049064
3102500.0,-18.42872594049064
3105000.0,-18.42872594049064
3107500.0,0.0
3110000.0,-18.42872594049064
3112500.0,0.0
3115000.0,0.0
3117500.0,6.917996345201327
3120000.0,-26.42872605969993
3122500.0,-6.428725761676711
3125000.0,-10.42872582128135
3127500.0,2.917996285596682
3130000.0,-30.428726119304574
3132500.0,2.917996285596682
3135000.0,2.917996285596682
3137500.0,2.917996285596682
3140000.0,-34.428726178909216
3142500.0,-34.428726178909216
3145000.0,-34.428726178909216
3147500.0,2.917996285596682
3150000.0,-34.428726178909216
3152500.0,0.0
3155000.0,0.0
3157500.0,2.917996285596682
3160000.0,-38.42872623851386
3162500.0,-18.42872594049064
3165000.0,-18.42872594049064
3167500.0,6.917996345201327
3170000.0,-50.428726417327795
3172500.0,6.917996345201327
3175000.0,6.917996345201327
3177500.0,6.917996345201327
3180000.0,-54.42872647693244
3182500.0,-54.42872647693244
3185000.0,-50.428726417327795
3187500.0,10.917996404805972
3190000.0,-50.428726417327795
3192500.0,6.917996345201327
3195000.0,0.0
3197500.0,14.917996464410617
3200000.0,-46.42872635772315
3202500.0,-14.428725880885995
3205000.0,-10.42872582128135
3207500.0,14.917996464410617
3210000.0,-38.42872623851386
3212500.0,14.917996464410617
3215000.0,10.917996404805972
3217500.0,10.917996404805972
3220000.0,-38.42872623851386
3222500.0,-38.42872623851386
3225000.0,-22.428726000095285
3227500.0,22.917996583619907
3230000.0,-22.428726000095285
3232500.0,14.917996464410617
3235000.0,0.0
3237500.0,26.91799664322455
3240000.0,-54.42872647693244
3242500.0,-14.428725880885995
3245000.0,-2.4287257020720627
3247500.0,18.917996524015262
3250000.0,-62.42872659614173
3252500.0,18.917996524015262
3255000.0,10.917996404805972
3257500.0,14.917996464410617
3260000.0,-62.42872659614173
3262500.0,-62.42872659614173
3265000.0,-30.428726119304574
3267500.0,18.917996524015262
3270000.0,-30.428726119304574
3272500.0,6.917996345201327
3275000.0,0.0
3277500.0,26.91799664322455
3280000.0,-62.42872659614173
3282500.0,-18.42872594049064
3285000.0,-6.428725761676711
3287500.0,30.917996702829196
3290000.0,-46.42872635772315
3292500.0,30.917996702829196
3295000.0,18.917996524015262
3297500.0,22.917996583619907
3300000.0,-78.42872683456031
3302500.0,-74.42872677495566
3305000.0,-10.42872582128135
3307500.0,38.91799682203849
3310000.0,-10.42872582128135
3312500.0,30.917996702829196
3315000.0,0.0
3317500.0,34.917996762433845
3320000.0,-34.428726178909216
3322500.0,-6.428725761676711
3325000.0,0.0
3327500.0,46.91799694124778
3330000.0,-46.42872635772315
3332500.0,46.91799694124778
3335000.0,34.917996762433845
3337500.0,42.917996881643134
3340000.0,-34.428726178909216
3342500.0,-34.428726178909216
3345000.0,-2.4287257020720627
3347500.0,46.91799694124778
3350000.0,-2.4287257020720627
3352500.0,22.917996583619907
3355000.0,6.917996345201327
3357500.0,30.917996702829196
3360000.0,-18.42872594049064
3362500.0,6.917996345201327
3365000.0,18.917996524015262
3367500.0,26.91799664322455
3370000.0,-2.4287257020720627
3372500.0,22.917996583619907
3375000.0,22.917996583619907
3377500.0,22.917996583619907
3380000.0,0.0
3382500.0,0.0
3385000.0,6.917996345201327
3387500.0,22.917996583619907
3390000.0,2.917996285596682
3392500.0,14.917996464410617
3395000.0,6.917996345201327
3397500.0,18.917996524015262
3400000.0,0.0
3402500.0,2.917996285596682
3405000.0,2.917996285596682
3407500.0,14.917996464410617
3410000.0,0.0
3412500.0,14.917996464410617
3415000.0,10.917996404805972
3417500.0,10.917996404805972
3420000.0,0.0
3422500.0,0.0
3425000.0,2.917996285596682
3427500.0,6.917996345201327
3430000.0,2.917996285596682
3432500.0,2.917996285596682
3435000.0,2.917996285596682
3437500.0,2.917996285596682
3440000.0,0.0
3442500.0,2.917996285596682
3445000.0,0.0
3447500.0,0.0
3450000.0,0.0
3452500.0,0.0
3455000.0,0.0
3457500.0,0.0
3460000.0,0.0
3462500.0,0.0
3465000.0,0.0
3467500.0,0.0
3470000.0,0.0
3472500.0,0.0
3475000.0,0.0
3477500.0,0.0
3480000.0,0.0
3482500.0,0.0
3485000.0,0.0
3487500.0,0.0
3490000.0,0.0
3492500.0,0.0
3495000.0,0.0
3497500.0,0.0
3500000.0,0.0
3502500.0,0.0
3505000.0,0.0
3507500.0,0.0
3510000.0,0.0
3512500.0,0.0
3515000.0,0.0
3517500.0,0.0
3520000.0,-10.42872582128135
3522500.0,0.0
3525000.0,-2.4287257020720627
3527500.0,0.0
3530000.0,-22.428726000095285
3532500.0,-18.42872594049064
3535000.0,-6.428725761676711
3537500.0,0.0
3540000.0,-22.428726000095285
3542500.0,-6.428725761676711
3545000.0,-26.42872605969993
3547500.0,-14.428725880885995
3550000.0,-42.428726298118505
3552500.0,-14.428725880885995
3555000.0,0.0
3557500.0,0.0
3560000.0,-66.42872665574637
3562500.0,-42.428726298118505
3565000.0,-58.428726536537084
3567500.0,-6.428725761676711
3570000.0,-142.42872778823465
3572500.0,-114.42872737100211
3575000.0,-66.42872665574637
3577500.0,-10.42872582128135
3580000.0,-114.42872737100211
3582500.0,-94.42872707297889
3585000.0,-158.4287280266532
3587500.0,-78.42872683456031
3590000.0,-174.4287282650718
3592500.0,-78.42872683456031
3595000.0,-34.428726178909216
3597500.0,-34.428726178909216
3600000.0,-98.42872713258353
3602500.0,-70.42872671535103
3605000.0,-38.42872623851386
3607500.0,22.917996583619907
3610000.0,-74.42872677495566
3612500.0,0.0
3615000.0,-14.428725880885995
3617500.0,46.91799694124778
3620000.0,-26.42872605969993
3622500.0,46.91799694124778
3625000.0,94.91799765650352
3627500.0,106.91799783531745
3630000.0,18.917996524015262
3632500.0,18.917996524015262
3635000.0,0.0
3637500.0,110.9179978949221
3640000.0,0.0
3642500.0,74.91799735848029
3645000.0,78.91799741808494
3647500.0,90.91799759689887
3650000.0,0.0
3652500.0,54.91799706045707
3655000.0,38.91799682203849
3657500.0,66.917997239271
3660000.0,0.0
3662500.0,58.91799712006171
3665000.0,66.917997239271
3667500.0,66.917997239271
3670000.0,2.917996285596682
3672500.0,2.917996285596682
3675000.0,0.0
3677500.0,54.91799706045707
3680000.0,0.0
3682500.0,38.91799682203849
3685000.0,42.917996881643134
3687500.0,50.917997000852424
3690000.0,0.0
3692500.0,34.917996762433845
3695000.0,14.917996464410617
3697500.0,38.91799682203849
3700000.0,2.917996285596682
3702500.0,34.917996762433845
3705000.0,42.917996881643134
3707500.0,42.917996881643134
3710000.0,14.917996464410617
3712500.0,14.917996464410617
3715000.0,10.917996404805972
3717500.0,34.917996762433845
3720000.0,10.917996404805972
3722500.0,26.91799664322455
3725000.0,26.91799664322455
3727500.0,26.91799664322455
3730000.0,14.917996464410617
3732500.0,14.917996464410617
3735000.0,14.917996464410617
3737500.0,14.917996464410617
3740000.0,2.917996285596682
3742500.0,2.917996285596682
3745000.0,0.0
3747500.0,6.917996345201327
3750000.0,0.0
3752500.0,2.917996285596682
3755000.0,0.0
3757500.0,0.0
3760000.0,-14.428725880885995
3762500.0,-14.428725880885995
3765000.0,-14.428725880885995
3767500.0,0.0
3770000.0,-38.42872623851386
3772500.0,-14.428725880885995
3775000.0,-10.42872582128135
3777500.0,-2.4287257020720627
3780000.0,-82.42872689416495
3782500.0,-82.42872689416495
3785000.0,-86.42872695376958
3787500.0,-6.428725761676711
3790000.0,-86.42872695376958
3792500.0,-6.428725761676711
3795000.0,-18.42872594049064
3797500.0,-18.42872594049064
3800000.0,-138.42872772863
3802500.0,-94.42872707297889
3805000.0,-90.42872701337423
3807500.0,-10.42872582128135
3810000.0,-154.4287279670486
3812500.0,-66.42872665574637
3815000.0,-58.428726536537084
3817500.0,0.0
3820000.0,-126.42872754981606
3822500.0,-126.42872754981606
3825000.0,-126.42872754981606
3827500.0,0.0
3830000.0,-126.42872754981606
3832500.0,0.0
3835000.0,-10.42872582128135
3837500.0,-10.42872582128135
3840000.0,-82.42872689416495
3842500.0,-66.42872665574637
3845000.0,-62.42872659614173
3847500.0,-6.428725761676711
3850000.0,-62.42872659614173
3852500.0,-38.42872623851386
3855000.0,-38.42872623851386
3857500.0,18.917996524015262
3860000.0,-38.42872623851386
3862500.0,18.917996524015262
3865000.0,18.917996524015262
3867500.0,22.917996583619907
3870000.0,-26.42872605969993
3872500.0,-26.42872605969993
3875000.0,-10.42872582128135
3877500.0,90.91799759689887
3880000.0,-10.42872582128135
3882500.0,90.91799759689887
3885000.0,54.91799706045707
3887500.0,122.91799807373602
3890000.0,-14.428725880885995
3892500.0,50.917997000852424
3895000.0,74.91799735848029
3897500.0,118.91799801413137
3900000.0,26.91799664322455
3902500.0,118.91799801413137
3905000.0,106.91799783531745
3907500.0,106.91799783531745
3910000.0,54.91799706045707
3912500.0,58.91799712006171
3915000.0,74.91799735848029
3917500.0,102.9179977757128
3920000.0,66.917997239271
3922500.0,78.91799741808494
3925000.0,66.917997239271
3927500.0,74.91799735848029
3930000.0,42.917996881643134
3932500.0,50.917997000852424
3935000.0,54.91799706045707
3937500.0,58.91799712006171
3940000.0,34.917996762433845
3942500.0,46.91799694124778
3945000.0,46.91799694124778
3947500.0,46.91799694124778
3950000.0,18.917996524015262
3952500.0,18.917996524015262
3955000.0,26.91799664322455
3957500.0,26.91799664322455
3960000.0,14.917996464410617
3962500.0,18.917996524015262
3965000.0,14.917996464410617
3967500.0,14.917996464410617
3970000.0,6.917996345201327
3972500.0,6.917996345201327
3975000.0,6.917996345201327
3977500.0,6.917996345201327
3980000.0,0.0
3982500.0,0.0
3985000.0,0.0
3987500.0,2.917996285596682
3990000.0,0.0
3992500.0,2.917996285596682
3995000.0,0.0
3997500.0,0.0
4000000.0,0.0
4002500.0,0.0
4005000.0,0.0
4007500.0,0.0
4010000.0,-6.428725761676711
4012500.0,0.0
4015000.0,-2.4287257020720627
4017500.0,0.0
4020000.0,-14.428725880885995
4022500.0,-14.428725880885995
4025000.0,-2.4287257020720627
4027500.0,0.0
4030000.0,-10.42872582128135
4032500.0,0.0
4035000.0,-6.428725761676711
4037500.0,0.0
4040000.0,-26.42872605969993
4042500.0,-6.428725761676711
4045000.0,0.0
4047500.0,2.917996285596682
4050000.0,-42.428726298118505
4052500.0,-6.428725761676711
4055000.0,-22.428726000095285
4057500.0,0.0
4060000.0,-38.42872623851386
4062500.0,-26.42872605969993
4065000.0,-10.42872582128135
4067500.0,0.0
4070000.0,-34.428726178909216
4072500.0,-6.428725761676711
4075000.0,-34.428726178909216
4077500.0,-2.4287257020720627
4080000.0,-50.428726417327795
4082500.0,-10.42872582128135
4085000.0,0.0
4087500.0,0.0
4090000.0,-86.42872695376958
4092500.0,-10.42872582128135
4095000.0,-30.428726119304574
4097500.0,6.917996345201327
4100000.0,-94.42872707297889
4102500.0,-74.42872677495566
4105000.0,-34.428726178909216
4107500.0,18.917996524015262
4110000.0,-78.42872683456031
4112500.0,-6.428725761676711
4115000.0,-62.42872659614173
4117500.0,0.0
4120000.0,-94.42872707297889
4122500.0,-38.42872623851386
4125000.0,0.0
4127500.0,10.917996404805972
4130000.0,-110.42872731139747
4132500.0,-34.428726178909216
4135000.0,-70.42872671535103
4137500.0,14.917996464410617
4140000.0,-118.42872743060676
4142500.0,-94.42872707297889
4145000.0,-46.42872635772315
4147500.0,22.917996583619907
4150000.0,-90.42872701337423
4152500.0,-10.42872582128135
4155000.0,-74.42872677495566
4157500.0,-26.42872605969993
4160000.0,-98.42872713258353
4162500.0,-46.42872635772315
4165000.0,0.0
4167500.0,18.917996524015262
4170000.0,-66.42872665574637
4172500.0,-46.42872635772315
4175000.0,-50.428726417327795
4177500.0,0.0
4180000.0,-50.428726417327795
4182500.0,-34.428726178909216
4185000.0,-26.42872605969993
4187500.0,0.0
4190000.0,-34.428726178909216
4192500.0,-22.428726000095285
4195000.0,0.0
4197500.0,18.917996524015262
4200000.0,-26.42872605969993
4202500.0,-18.42872594049064
4205000.0,-2.4287257020720627
4207500.0,34.917996762433845
4210000.0,-22.428726000095285
4212500.0,0.0
4215000.0,30.917996702829196
4217500.0,42.917996881643134
4220000.0,-14.428725880885995
4222500.0,0.0
4225000.0,-18.42872594049064
4227500.0,18.917996524015262
4230000.0,-18.42872594049064
4232500.0,-2.4287257020720627
4235000.0,30.917996702829196
4237500.0,42.917996881643134
4240000.0,-18.42872594049064
4242500.0,-14.428725880885995
4245000.0,0.0
4247500.0,34.917996762433845
4250000.0,-18.42872594049064
4252500.0,-10.42872582128135
4255000.0,2.917996285596682
4257500.0,22.917996583619907
4260000.0,-10.42872582128135
4262500.0,-10.42872582128135
4265000.0,-6.428725761676711
4267500.0,46.91799694124778
4270000.0,-10.42872582128135
4272500.0,-10.42872582128135
4275000.0,2.917996285596682
4277500.0,14.917996464410617
4280000.0,-18.42872594049064
4282500.0,6.917996345201327
4285000.0,62.91799717966636
4287500.0,62.91799717966636
4290000.0,-18.42872594049064
4292500.0,-18.42872594049064
4295000.0,-14.428725880885995
4297500.0,78.91799741808494
4300000.0,-26.42872605969993
4302500.0,-6.428725761676711
4305000.0,26.91799664322455
4307500.0,82.91799747768958
4310000.0,-22.428726000095285
4312500.0,-2.4287257020720627
4315000.0,-22.428726000095285
4317500.0,46.91799694124778
4320000.0,-30.428726119304574
4322500.0,18.917996524015262
4325000.0,82.91799747768958
4327500.0,82.91799747768958
4330000.0,-30.428726119304574
4332500.0,-26.42872605969993
4335000.0,-30.428726119304574
4337500.0,90.91799759689887
4340000.0,-38.42872623851386
4342500.0,-10.42872582128135
4345000.0,26.91799664322455
4347500.0,90.91799759689887
4350000.0,-34.428726178909216
4352500.0,-2.4287257020720627
4355000.0,-38.42872623851386
4357500.0,34.917996762433845
4360000.0,-38.42872623851386
4362500.0,26.91799664322455
4365000.0,98.91799771610818
4367500.0,98.91799771610818
4370000.0,-46.42872635772315
4372500.0,-6.428725761676711
4375000.0,-42.428726298118505
4377500.0,114.91799795452673
4380000.0,-50.428726417327795
4382500.0,2.917996285596682
4385000.0,78.91799741808494
4387500.0,138.9179983121546
4390000.0,-38.42872623851386
4392500.0,10.917996404805972
4395000.0,-42.428726298118505
4397500.0,98.91799771610818
4400000.0,-42.428726298118505
4402500.0,98.91799771610818
4405000.0,134.91799825254995
4407500.0,134.91799825254995
4410000.0,-22.428726000095285
4412500.0,22.917996583619907
4415000.0,-10.42872582128135
4417500.0,118.91799801413137
4420000.0,-10.42872582128135
4422500.0,66.917997239271
4425000.0,98.91799771610818
4427500.0,106.91799783531745
4430000.0,6.917996345201327
4432500.0,50.917997000852424
4435000.0,2.917996285596682
4437500.0,90.91799759689887
4440000.0,2.917996285596682
4442500.0,74.91799735848029
4445000.0,86.91799753729423
4447500.0,86.91799753729423
4450000.0,0.0
4452500.0,30.917996702829196
4455000.0,2.917996285596682
4457500.0,66.917997239271
4460000.0,2.917996285596682
4462500.0,42.917996881643134
4465000.0,54.91799706045707
4467500.0,54.91799706045707
4470000.0,6.917996345201327
4472500.0,26.91799664322455
4475000.0,6.917996345201327
4477500.0,34.917996762433845
4480000.0,6.917996345201327
4482500.0,30.917996702829196
4485000.0,30.917996702829196
4487500.0,30.917996702829196
4490000.0,0.0
4492500.0,14.917996464410617
4495000.0,10.917996404805972
4497500.0,14.917996464410617
4500000.0,0.0
4502500.0,10.917996404805972
4505000.0,14.917996464410617
4507500.0,14.917996464410617
4510000.0,0.0
4512500.0,6.917996345201327
4515000.0,0.0
4517500.0,6.917996345201327
4520000.0,0.0
4522500.0,2.917996285596682
4525000.0,0.0
4527500.0,2.917996285596682
4530000.0,0.0
4532500.0,0.0
4535000.0,2.917996285596682
4537500.0,2.917996285596682
4540000.0,0.0
4542500.0,0.0
4545000.0,0.0
4547500.0,0.0
4550000.0,-10.42872582128135
4552500.0,0.0
4555000.0,0.0
4557500.0,0.0
4560000.0,-2.4287257020720627
4562500.0,0.0
4565000.0,-26.42872605969993
4567500.0,0.0
4570000.0,-26.42872605969993
4572500.0,0.0
4575000.0,0.0
4577500.0,2.917996285596682
4580000.0,-42.428726298118505
4582500.0,-10.42872582128135
4585000.0,-30.428726119304574
4587500.0,0.0
4590000.0,-62.42872659614173
4592500.0,-2.4287257020720627
4595000.0,0.0
4597500.0,0.0
4600000.0,-58.428726536537084
4602500.0,-58.428726536537084
4605000.0,-94.42872707297889
4607500.0,2.917996285596682
4610000.0,-94.42872707297889
4612500.0,-14.428725880885995
4615000.0,0.0
4617500.0,6.917996345201327
4620000.0,-162.4287280862579
4622500.0,-62.42872659614173
4625000.0,-130.42872760942072
4627500.0,0.0
4630000.0,-194.428728563095
4632500.0,-54.42872647693244
4635000.0,2.917996285596682
4637500.0,2.917996285596682
4640000.0,-150.42872790744394
4642500.0,-130.42872760942072
4645000.0,-114.42872737100211
4647500.0,-22.428726000095285
4650000.0,-122.42872749021141
4652500.0,-78.42872683456031
4655000.0,-42.428726298118505
4657500.0,2.917996285596682
4660000.0,-78.42872683456031
4662500.0,-30.428726119304574
4665000.0,14.917996464410617
4667500.0,122.91799807373602
4670000.0,-70.42872671535103
4672500.0,0.0
4675000.0,-54.42872647693244
4677500.0,110.9179978949221
4680000.0,-54.42872647693244
4682500.0,110.9179978949221
4685000.0,154.91799855057317
4687500.0,154.91799855057317
4690000.0,-10.42872582128135
4692500.0,46.91799694124778
4695000.0,0.0
4697500.0,130.91799819294533
4700000.0,0.0
4702500.0,90.91799759689887
4705000.0,102.9179977757128
4707500.0,102.9179977757128
4710000.0,30.917996702829196
4712500.0,58.91799712006171
4715000.0,26.91799664322455
4717500.0,78.91799741808494
4720000.0,26.91799664322455
4722500.0,62.91799717966636
4725000.0,70.91799729887565
4727500.0,70.91799729887565
4730000.0,22.917996583619907
4732500.0,34.917996762433845
4735000.0,22.917996583619907
4737500.0,46.91799694124778
4740000.0,14.917996464410617
4742500.0,30.917996702829196
4745000.0,30.917996702829196
4747500.0,30.917996702829196
4750000.0,10.917996404805972
4752500.0,14.917996464410617
4755000.0,6.917996345201327
4757500.0,18.917996524015262
4760000.0,6.917996345201327
4762500.0,14.917996464410617
4765000.0,6.917996345201327
4767500.0,10.917996404805972
4770000.0,2.917996285596682
4772500.0,6.917996345201327
4775000.0,2.917996285596682
4777500.0,6.917996345201327
4780000.0,0.0
4782500.0,0.0
4785000.0,0.0
4787500.0,2.917996285596682
4790000.0,-6.428725761676711
4792500.0,0.0
4795000.0,2.917996285596682
4797500.0,2.917996285596682
4800000.0,-18.42872594049064
4802500.0,-18.42872594049064
4805000.0,-30.428726119304574
4807500.0,0.0
4810000.0,-30.428726119304574
4812500.0,0.0
4815000.0,0.0
4817500.0,0.0
4820000.0,-58.428726536537084
4822500.0,-18.42872594049064
4825000.0,-42.428726298118505
4827500.0,0.0
4830000.0,-90.42872701337423
4832500.0,-10.42872582128135
4835000.0,0.0
4837500.0,0.0
4840000.0,-94.42872707297889
4842500.0,-94.42872707297889
4845000.0,-158.4287280266532
4847500.0,0.0
4850000.0,-158.4287280266532
4852500.0,-30.428726119304574
4855000.0,0.0
4857500.0,2.917996285596682
4860000.0,-190.4287285034904
4862500.0,-114.42872737100211
4865000.0,-162.4287280862579
4867500.0,-2.4287257020720627
4870000.0,-162.4287280862579
4872500.0,-90.42872701337423
4875000.0,-30.428726119304574
4877500.0,-30.428726119304574
4880000.0,-102.42872719218819
4882500.0,-46.42872635772315
4885000.0,0.0
4887500.0,22.917996583619907
4890000.0,-66.42872665574637
4892500.0,-62.42872659614173
4895000.0,-70.42872671535103
4897500.0,82.91799747768958
4900000.0,-74.42872677495566
4902500.0,30.917996702829196
4905000.0,82.91799747768958
4907500.0,138.9179983121546
4910000.0,-42.428726298118505
4912500.0,0.0
4915000.0,-66.42872665574637
4917500.0,114.91799795452673
4920000.0,-66.42872665574637
4922500.0,114.91799795452673
4925000.0,138.9179983121546
4927500.0,138.9179983121546
4930000.0,-10.42872582128135
4932500.0,0.0
4935000.0,-18.42872594049064
4937500.0,122.91799807373602
4940000.0,-18.42872594049064
4942500.0,78.91799741808494
4945000.0,94.91799765650352
4947500.0,98.91799771610818
4950000.0,-2.4287257020720627
4952500.0,38.91799682203849
4955000.0,0.0
4957500.0,78.91799741808494
4960000.0,0.0
4962500.0,66.917997239271
4965000.0,74.91799735848029
4967500.0,74.91799735848029
4970000.0,0.0
4972500.0,30.917996702829196
4975000.0,14.917996464410617
4977500.0,62.91799717966636
4980000.0,0.0
4982500.0,30.917996702829196
4985000.0,42.917996881643134
4987500.0,46.91799694124778
4990000.0,14.917996464410617
4992500.0,26.91799664322455
4995000.0,14.917996464410617
4997500.0,30.917996702829196
5000000.0,10.917996404805972
5002500.0,30.917996702829196
5005000.0,22.917996583619907
5007500.0,22.917996583619907
5010000.0,10.917996404805972
5012500.0,10.917996404805972
5015000.0,6.917996345201327
5017500.0,14.917996464410617
5020000.0,2.917996285596682
5022500.0,6.917996345201327
5025000.0,6.917996345201327
5027500.0,6.917996345201327
5030000.0,0.0
5032500.0,0.0
5035000.0,0.0
5037500.0,2.917996285596682
5040000.0,0.0
5042500.0,0.0
5045000.0,0.0
5047500.0,0.0
5050000.0,0.0
5052500.0,0.0
5055000.0,0.0
5057500.0,0.0
5060000.0,-2.4287257020720627
5062500.0,0.0
5065000.0,0.0
5067500.0,0.0
5070000.0,-6.428725761676711
5072500.0,0.0
5075000.0,0.0
5077500.0,0.0
5080000.0,-6.428725761676711
5082500.0,-6.428725761676711
5085000.0,-10.42872582128135
5087500.0,2.917996285596682
5090000.0,-10.42872582128135
5092500.0,0.0
5095000.0,0.0
5097500.0,0.0
5100000.0,-26.42872605969993
5102500.0,-6.428725761676711
5105000.0,-10.42872582128135
5107500.0,0.0
5110000.0,-38.42872623851386
5112500.0,0.0
5115000.0,0.0
5117500.0,0.0
5120000.0,-38.42872623851386
5122500.0,-38.42872623851386
5125000.0,-42.428726298118505
5127500.0,0.0
5130000.0,-42.428726298118505
5132500.0,0.0
5135000.0,0.0
5137500.0,2.917996285596682
5140000.0,-58.428726536537084
5142500.0,-22.428726000095285
5145000.0,-26.42872605969993
5147500.0,6.917996345201327
5150000.0,-62.42872659614173
5152500.0,6.917996345201327
5155000.0,14.917996464410617
5157500.0,14.917996464410617
5160000.0,-70.42872671535103
5162500.0,-70.42872671535103
5165000.0,-70.42872671535103
5167500.0,22.917996583619907
5170000.0,-70.42872671535103
5172500.0,18.917996524015262
5175000.0,10.917996404805972
5177500.0,22.917996583619907
5180000.0,-66.42872665574637
5182500.0,-26.42872605969993
5185000.0,-30.428726119304574
5187500.0,30.917996702829196
5190000.0,-50.428726417327795
5192500.0,30.917996702829196
5195000.0,34.917996762433845
5197500.0,34.917996762433845
5200000.0,-46.42872635772315
5202500.0,-46.42872635772315
5205000.0,-34.428726178909216
5207500.0,30.917996702829196
5210000.0,-34.428726178909216
5212500.0,26.91799664322455
5215000.0,22.917996583619907
5217500.0,30.917996702829196
5220000.0,-42.428726298118505
5222500.0,-22.428726000095285
5225000.0,-18.42872594049064
5227500.0,34.917996762433845
5230000.0,-78.42872683456031
5232500.0,34.917996762433845
5235000.0,42.917996881643134
5237500.0,42.917996881643134
5240000.0,-58.428726536537084
5242500.0,-58.428726536537084
5245000.0,-70.42872671535103
5247500.0,34.917996762433845
5250000.0,-70.42872671535103
5252500.0,30.917996702829196
5255000.0,34.917996762433845
5257500.0,34.917996762433845
5260000.0,-66.42872665574637
5262500.0,-10.42872582128135
5265000.0,-2.4287257020720627
5267500.0,14.917996464410617
5270000.0,-62.42872659614173
5272500.0,6.917996345201327
5275000.0,14.917996464410617
5277500.0,14.917996464410617
5280000.0,-42.428726298118505
5282500.0,-42.428726298118505
5285000.0,-50.428726417327795
5287500.0,10.917996404805972
5290000.0,-50.428726417327795
5292500.0,10.917996404805972
5295000.0,10.917996404805972
5297500.0,14.917996464410617
5300000.0,-74.42872677495566
5302500.0,-46.42872635772315
5305000.0,-50.428726417327795
5307500.0,26.91799664322455
5310000.0,-90.42872701337423
5312500.0,26.91799664322455
5315000.0,18.917996524015262
5317500.0,18.917996524015262
5320000.0,-110.42872731139747
5322500.0,-110.42872731139747
5325000.0,-50.428726417327795
5327500.0,46.91799694124778
5330000.0,-50.428726417327795
5332500.0,2.917996285596682
5335000.0,-18.42872594049064
5337500.0,42.917996881643134
5340000.0,-98.42872713258353
5342500.0,34.917996762433845
5345000.0,38.91799682203849
5347500.0,42.917996881643134
5350000.0,-42.428726298118505
5352500.0,26.91799664322455
5355000.0,42.917996881643134
5357500.0,58.91799712006171
5360000.0,18.917996524015262
5362500.0,50.917997000852424
5365000.0,70.91799729887565
5367500.0,70.91799729887565
5370000.0,-158.4287280266532
5372500.0,-70.42872671535103
5375000.0,-150.42872790744394
5377500.0,62.91799717966636
5380000.0,-186.42872844388577
5382500.0,-58.428726536537084
5385000.0,-146.4287278478393
5387500.0,102.9179977757128
5390000.0,-146.4287278478393
5392500.0,26.91799664322455
5395000.0,-82.42872689416495
5397500.0,74.91799735848029
5400000.0,-82.42872689416495
5402500.0,-22.428726000095285
5405000.0,-114.42872737100211
5407500.0,134.91799825254995
5410000.0,-114.42872737100211
5412500.0,58.91799712006171
5415000.0,90.91799759689887
5417500.0,98.91799771610818
5420000.0,-10.42872582128135
5422500.0,14.917996464410617
5425000.0,78.91799741808494
5427500.0,78.91799741808494
5430000.0,-26.42872605969993
5432500.0,38.91799682203849
5435000.0,58.91799712006171
5437500.0,58.91799712006171
5440000.0,-134.42872766902536
5442500.0,-22.428726000095285
5445000.0,50.917997000852424
5447500.0,54.91799706045707
5450000.0,-14.428725880885995
5452500.0,2.917996285596682
5455000.0,26.91799664322455
5457500.0,46.91799694124778
5460000.0,-106.42872725179282
5462500.0,0.0
5465000.0,42.917996881643134
5467500.0,42.917996881643134
5470000.0,-50.428726417327795
5472500.0,6.917996345201327
5475000.0,34.917996762433845
5477500.0,42.917996881643134
5480000.0,-186.42872844388577
5482500.0,-26.42872605969993
5485000.0,38.91799682203849
5487500.0,38.91799682203849
5490000.0,-86.42872695376958
5492500.0,0.0
5495000.0,18.917996524015262
5497500.0,74.91799735848029
5500000.0,-186.42872844388577
5502500.0,-10.42872582128135
5505000.0,38.91799682203849
5507500.0,50.917997000852424
5510000.0,-130.42872760942072
5512500.0,50.917997000852424
5515000.0,58.91799712006171
5517500.0,82.91799747768958
5520000.0,-158.4287280266532
5522500.0,-10.42872582128135
5525000.0,50.917997000852424
5527500.0,74.91799735848029
5530000.0,-42.428726298118505
5532500.0,74.91799735848029
5535000.0,42.917996881643134
5537500.0,114.91799795452673
5540000.0,-142.42872778823465
5542500.0,54.91799706045707
5545000.0,78.91799741808494
5547500.0,110.9179978949221
5550000.0,-6.428725761676711
5552500.0,110.9179978949221
5555000.0,82.91799747768958
5557500.0,102.9179977757128
5560000.0,-46.42872635772315
5562500.0,58.91799712006171
5565000.0,78.91799741808494
5567500.0,78.91799741808494
5570000.0,26.91799664322455
5572500.0,74.91799735848029
5575000.0,38.91799682203849
5577500.0,74.91799735848029
5580000.0,-26.42872605969993
5582500.0,50.917997000852424
5585000.0,54.91799706045707
5587500.0,54.91799706045707
5590000.0,0.0
5592500.0,54.91799706045707
5595000.0,22.917996583619907
5597500.0,46.91799694124778
5600000.0,-10.42872582128135
5602500.0,14.917996464410617
5605000.0,22.917996583619907
5607500.0,30.917996702829196
5610000.0,-10.42872582128135
5612500.0,22.917996583619907
5615000.0,-6.428725761676711
5617500.0,26.91799664322455
5620000.0,-54.42872647693244
5622500.0,6.917996345201327
5625000.0,6.917996345201327
5627500.0,26.91799664322455
5630000.0,-58.428726536537084
5632500.0,18.917996524015262
5635000.0,-6.428725761676711
5637500.0,18.917996524015262
5640000.0,-50.428726417327795
5642500.0,-14.428725880885995
5645000.0,-6.428725761676711
5647500.0,22.917996583619907
5650000.0,-66.42872665574637
5652500.0,0.0
5655000.0,-74.42872677495566
5657500.0,18.917996524015262
5660000.0,-118.42872743060676
5662500.0,-22.428726000095285
5665000.0,-22.428726000095285
5667500.0,38.91799682203849
5670000.0,-146.4287278478393
5672500.0,14.917996464410617
5675000.0,-50.428726417327795
5677500.0,18.917996524015262
5680000.0,-90.42872701337423
5682500.0,-62.42872659614173
5685000.0,-26.42872605969993
5687500.0,38.91799682203849
5690000.0,-62.42872659614173
5692500.0,-2.4287257020720627
5695000.0,-90.42872701337423
5697500.0,34.917996762433845
5700000.0,-110.42872731139747
5702500.0,0.0
5705000.0,2.917996285596682
5707500.0,54.91799706045707
5710000.0,-62.42872659614173
5712500.0,14.917996464410617
5715000.0,-30.428726119304574
5717500.0,38.91799682203849
5720000.0,-34.428726178909216
5722500.0,-26.42872605969993
5725000.0,0.0
5727500.0,50.917997000852424
5730000.0,-38.42872623851386
5732500.0,6.917996345201327
5735000.0,0.0
5737500.0,78.91799741808494
5740000.0,-54.42872647693244
5742500.0,26.91799664322455
5745000.0,58.91799712006171
5747500.0,70.91799729887565
5750000.0,-26.42872605969993
5752500.0,0.0
5755000.0,-66.42872665574637
5757500.0,66.917997239271
5760000.0,-66.42872665574637
5762500.0,66.917997239271
5765000.0,78.91799741808494
5767500.0,78.91799741808494
5770000.0,-126.42872754981606
5772500.0,-14.428725880885995
5775000.0,-102.42872719218819
5777500.0,86.91799753729423
5780000.0,-102.42872719218819
5782500.0,10.917996404805972
5785000.0,38.91799682203849
5787500.0,50.917997000852424
5790000.0,-114.42872737100211
5792500.0,14.917996464410617
5795000.0,0.0
5797500.0,50.917997000852424
5800000.0,-14.428725880885995
5802500.0,0.0
5805000.0,18.917996524015262
5807500.0,30.917996702829196
5810000.0,-30.428726119304574
5812500.0,0.0
5815000.0,0.0
5817500.0,30.917996702829196
5820000.0,-66.42872665574637
5822500.0,-50.428726417327795
5825000.0,0.0
5827500.0,42.917996881643134
5830000.0,-50.428726417327795
5832500.0,10.917996404805972
5835000.0,-22.428726000095285
5837500.0,18.917996524015262
5840000.0,-58.428726536537084
5842500.0,2.917996285596682
5845000.0,42.917996881643134
5847500.0,46.91799694124778
5850000.0,-74.42872677495566
5852500.0,-26.42872605969993
5855000.0,-42.428726298118505
5857500.0,14.917996464410617
5860000.0,-42.428726298118505
5862500.0,0.0
5865000.0,0.0
5867500.0,6.917996345201327
5870000.0,-18.42872594049064
5872500.0,0.0
5875000.0,-2.4287257020720627
5877500.0,26.91799664322455
5880000.0,-46.42872635772315
5882500.0,-14.428725880885995
5885000.0,14.917996464410617
5887500.0,38.91799682203849
5890000.0,-70.42872671535103
5892500.0,-2.4287257020720627
5895000.0,-62.42872659614173
5897500.0,58.91799712006171
5900000.0,-82.42872689416495
5902500.0,6.917996345201327
5905000.0,42.917996881643134
5907500.0,42.917996881643134
5910000.0,-98.42872713258353
5912500.0,-18.42872594049064
5915000.0,-30.428726119304574
5917500.0,14.917996464410617
5920000.0,-38.42872623851386
5922500.0,0.0
5925000.0,10.917996404805972
5927500.0,10.917996404805972
5930000.0,-6.428725761676711
5932500.0,-6.428725761676711
5935000.0,-26.42872605969993
5937500.0,34.917996762433845
5940000.0,-50.428726417327795
5942500.0,0.0
5945000.0,30.917996702829196
5947500.0,50.917997000852424
5950000.0,-38.42872623851386
5952500.0,10.917996404805972
5955000.0,-10.42872582128135
5957500.0,38.91799682203849
5960000.0,-78.42872683456031
5962500.0,30.917996702829196
5965000.0,54.91799706045707
5967500.0,54.91799706045707
5970000.0,-22.428726000095285
5972500.0,-22.428726000095285
5975000.0,-34.428726178909216
5977500.0,34.917996762433845
5980000.0,-34.428726178909216
5982500.0,34.917996762433845
5985000.0,30.917996702829196
5987500.0,38.91799682203849
5990000.0,-2.4287257020720627
5992500.0,30.917996702829196
5995000.0,22.917996583619907
5997500.0,42.917996881643134
6000000.0,0.0
6002500.0,22.917996583619907
6005000.0,34.917996762433845
6007500.0,38.91799682203849
6010000.0,0.0
6012500.0,0.0
6015000.0,-18.42872594049064
6017500.0,34.917996762433845
6020000.0,-18.42872594049064
6022500.0,30.917996702829196
6025000.0,34.917996762433845
6027500.0,34.917996762433845
6030000.0,0.0
6032500.0,0.0
6035000.0,0.0
6037500.0,18.917996524015262
6040000.0,0.0
6042500.0,18.917996524015262
6045000.0,18.917996524015262
6047500.0,18.917996524015262
6050000.0,-6.428725761676711
6052500.0,-6.428725761676711
6055000.0,-18.42872594049064
6057500.0,18.917996524015262
6060000.0,-18.42872594049064
6062500.0,2.917996285596682
6065000.0,6.917996345201327
6067500.0,14.917996464410617
6070000.0,-42.428726298118505
6072500.0,-2.4287257020720627
6075000.0,-18.42872594049064
6077500.0,6.917996345201327
6080000.0,-62.42872659614173
6082500.0,0.0
6085000.0,2.917996285596682
6087500.0,2.917996285596682
6090000.0,-66.42872665574637
6092500.0,-66.42872665574637
6095000.0,-62.42872659614173
6097500.0,-2.4287257020720627
6100000.0,-62.42872659614173
6102500.0,-6.428725761676711
6105000.0,-18.42872594049064
6107500.0,0.0
6110000.0,-70.42872671535103
6112500.0,-14.428725880885995
6115000.0,-22.428726000095285
6117500.0,0.0
6120000.0,-82.42872689416495
6122500.0,0.0
6125000.0,6.917996345201327
6127500.0,6.917996345201327
6130000.0,-82.42872689416495
6132500.0,-82.42872689416495
6135000.0,-86.42872695376958
6137500.0,34.917996762433845
6140000.0,-86.42872695376958
6142500.0,30.917996702829196
6145000.0,14.917996464410617
6147500.0,34.917996762433845
6150000.0,-54.42872647693244
6152500.0,0.0
6155000.0,2.917996285596682
6157500.0,42.917996881643134
6160000.0,-14.428725880885995
6162500.0,42.917996881643134
6165000.0,50.917997000852424
6167500.0,50.917997000852424
6170000.0,-2.4287257020720627
6172500.0,-2.4287257020720627
6175000.0,-10.42872582128135
6177500.0,54.91799706045707
6180000.0,-10.42872582128135
6182500.0,46.91799694124778
6185000.0,42.917996881643134
6187500.0,46.91799694124778
6190000.0,-2.4287257020720627
6192500.0,14.917996464410617
6195000.0,14.917996464410617
6197500.0,38.91799682203849
6200000.0,0.0
6202500.0,34.917996762433845
6205000.0,30.917996702829196
6207500.0,30.917996702829196
6210000.0,0.0
6212500.0,0.0
6215000.0,0.0
6217500.0,18.917996524015262
6220000.0,0.0
6222500.0,10.917996404805972
6225000.0,2.917996285596682
6227500.0,14.917996464410617
6230000.0,0.0
6232500.0,2.917996285596682
6235000.0,2.917996285596682
6237500.0,6.917996345201327
6240000.0,-10.42872582128135
6242500.0,6.917996345201327
6245000.0,6.917996345201327
6247500.0,6.917996345201327
6250000.0,-26.42872605969993
6252500.0,-26.42872605969993
6255000.0,-10.42872582128135
6257500.0,6.917996345201327
6260000.0,-10.42872582128135
6262500.0,0.0
6265000.0,-2.4287257020720627
6267500.0,0.0
6270000.0,-34.428726178909216
6272500.0,-6.428725761676711
6275000.0,0.0
6277500.0,0.0
6280000.0,-30.428726119304574
6282500.0,0.0
6285000.0,0.0
6287500.0,0.0
6290000.0,-62.42872659614173
6292500.0,-62.42872659614173
6295000.0,-42.428726298118505
6297500.0,10.917996404805972
6300000.0,-42.428726298118505
6302500.0,0.0
6305000.0,-14.428725880885995
6307500.0,18.917996524015262
6310000.0,-74.42872677495566
6312500.0,-18.42872594049064
6315000.0,0.0
6317500.0,18.917996524015262
6320000.0,-70.42872671535103
6322500.0,18.917996524015262
6325000.0,0.0
6327500.0,22.917996583619907
6330000.0,-26.42872605969993
6332500.0,-14.428725880885995
6335000.0,0.0
6337500.0,18.917996524015262
6340000.0,0.0
6342500.0,14.917996464410617
6345000.0,0.0
6347500.0,34.917996762433845
6350000.0,-10.42872582128135
6352500.0,0.0
6355000.0,2.917996285596682
6357500.0,30.917996702829196
6360000.0,-22.428726000095285
6362500.0,30.917996702829196
6365000.0,22.917996583619907
6367500.0,22.917996583619907
6370000.0,-18.42872594049064
6372500.0,-10.42872582128135
6375000.0,2.917996285596682
6377500.0,26.91799664322455
6380000.0,0.0
6382500.0,10.917996404805972
6385000.0,0.0
6387500.0,18.917996524015262
6390000.0,-6.428725761676711
6392500.0,0.0
6395000.0,6.917996345201327
6397500.0,14.917996464410617
6400000.0,-6.428725761676711
6402500.0,14.917996464410617
6405000.0,6.917996345201327
6407500.0,6.917996345201327
6410000.0,-22.428726000095285
6412500.0,-10.42872582128135
6415000.0,0.0
6417500.0,18.917996524015262
6420000.0,0.0
6422500.0,2.917996285596682
6425000.0,-10.42872582128135
6427500.0,14.917996464410617
6430000.0,-34.428726178909216
6432500.0,0.0
6435000.0,2.917996285596682
6437500.0,14.917996464410617
6440000.0,-34.428726178909216
6442500.0,6.917996345201327
6445000.0,0.0
6447500.0,10.917996404805972
6450000.0,-26.42872605969993
6452500.0,-10.42872582128135
6455000.0,0.0
6457500.0,10.917996404805972
6460000.0,-6.428725761676711
6462500.0,0.0
6465000.0,-2.4287257020720627
6467500.0,18.917996524015262
6470000.0,-18.42872594049064
6472500.0,-2.4287257020720627
6475000.0,0.0
6477500.0,18.917996524015262
6480000.0,-34.428726178909216
6482500.0,14.917996464410617
6485000.0,2.917996285596682
6487500.0,14.917996464410617
6490000.0,-42.428726298118505
6492500.0,-18.42872594049064
6495000.0,0.0
6497500.0,14.917996464410617
