time,voltage
1905000.0,0.0
1910000.0,0.0
1915000.0,0.0
1920000.0,-58.410781741184095
1925000.0,-58.410781741184095
1930000.0,-46.410781562370175
1935000.0,22.93594137897289
1940000.0,-46.410781562370175
1945000.0,-10.410781025928369
1950000.0,-30.410781323951593
1955000.0,0.0
1960000.0,-86.41078215841661
1965000.0,-18.41078114513766
1970000.0,0.0
1975000.0,66.93594203462399
1980000.0,-122.41078269485841
1985000.0,-22.410781204742303
1990000.0,18.935941319368244
1995000.0,42.935941676996116
2000000.0,-206.41078394655597
2005000.0,34.935941557786826
2010000.0,22.93594137897289
2015000.0,70.93594209422864
2020000.0,-106.41078245643983
2025000.0,50.935941796205405
2030000.0,10.935941200158954
2035000.0,58.9359419154147
2040000.0,-38.410781443160886
2045000.0,50.935941796205405
2050000.0,-54.410781681579465
2055000.0,58.9359419154147
2060000.0,-106.41078245643983
2065000.0,26.935941438577533
2070000.0,10.935941200158954
2075000.0,50.935941796205405
2080000.0,-166.41078335050952
2085000.0,2.935941080949667
2090000.0,-50.41078162197482
2095000.0,86.93594233264722
2100000.0,-182.4107835889281
2105000.0,-18.41078114513766
2110000.0,78.93594221343793
2115000.0,78.93594221343793
2120000.0,-126.41078275446306
2125000.0,46.93594173660076
2130000.0,-78.41078203920732
2135000.0,70.93594209422864
2140000.0,-78.41078203920732
2145000.0,70.93594209422864
2150000.0,-22.410781204742303
2155000.0,70.93594209422864
2160000.0,-130.41078281406772
2165000.0,42.935941676996116
2170000.0,30.935941498182178
2175000.0,58.9359419154147
2180000.0,-102.41078239683519
2185000.0,38.93594161739147
2190000.0,46.93594173660076
2195000.0,54.93594185581005
2200000.0,-158.41078323130023
2205000.0,54.93594185581005
2210000.0,18.935941319368244
2215000.0,58.9359419154147
2220000.0,-82.41078209881196
2225000.0,46.93594173660076
2230000.0,42.935941676996116
2235000.0,42.935941676996116
2240000.0,-74.41078197960267
2245000.0,-74.41078197960267
2250000.0,26.935941438577533
2255000.0,26.935941438577533
2260000.0,0.0
2265000.0,0.0
2270000.0,14.935941259763599
2275000.0,14.935941259763599
2280000.0,-18.41078114513766
2285000.0,-18.41078114513766
2290000.0,6.935941140554312
2295000.0,6.935941140554312
2300000.0,-30.410781323951593
2305000.0,-30.410781323951593
2310000.0,6.935941140554312
2315000.0,18.935941319368244
2320000.0,-38.410781443160886
2325000.0,-2.4107809067190775
2330000.0,14.935941259763599
2335000.0,14.935941259763599
2340000.0,-6.410780966323722
2345000.0,0.0
2350000.0,10.935941200158954
2355000.0,10.935941200158954
2360000.0,-6.410780966323722
2365000.0,0.0
2370000.0,6.935941140554312
2375000.0,10.935941200158954
2380000.0,-18.41078114513766
2385000.0,0.0
2390000.0,6.935941140554312
2395000.0,6.935941140554312
2400000.0,-6.410780966323722
2405000.0,0.0
2410000.0,2.935941080949667
2415000.0,2.935941080949667
2420000.0,0.0
2425000.0,0.0
2430000.0,2.935941080949667
2435000.0,2.935941080949667
2440000.0,0.0
2445000.0,0.0
2450000.0,0.0
2455000.0,0.0
2460000.0,-2.4107809067190775
2465000.0,-2.4107809067190775
2470000.0,0.0
2475000.0,2.935941080949667
2480000.0,-10.410781025928369
2485000.0,-2.4107809067190775
2490000.0,0.0
2495000.0,2.935941080949667
2500000.0,-14.410781085533014
2505000.0,0.0
2510000.0,2.935941080949667
2515000.0,2.935941080949667
2520000.0,-10.410781025928369
2525000.0,0.0
2530000.0,0.0
2535000.0,0.0
2540000.0,-10.410781025928369
2545000.0,0.0
2550000.0,0.0
2555000.0,0.0
2560000.0,-2.4107809067190775
2565000.0,0.0
2570000.0,0.0
2575000.0,0.0
2580000.0,0.0
2585000.0,0.0
2590000.0,0.0
2595000.0,0.0
2600000.0,0.0
2605000.0,0.0
2610000.0,0.0
2615000.0,0.0
2620000.0,0.0
2625000.0,0.0
2630000.0,0.0
2635000.0,0.0
2640000.0,-2.4107809067190775
2645000.0,0.0
2650000.0,0.0
2655000.0,0.0
2660000.0,-2.4107809067190775
2665000.0,0.0
2670000.0,0.0
2675000.0,0.0
2680000.0,0.0
2685000.0,0.0
2690000.0,0.0
2695000.0,0.0
2700000.0,0.0
2705000.0,0.0
2710000.0,0.0
2715000.0,0.0
2720000.0,0.0
2725000.0,0.0
2730000.0,0.0
2735000.0,0.0
2740000.0,0.0
2745000.0,0.0
2750000.0,0.0
2755000.0,0.0
2760000.0,0.0
2765000.0,0.0
2770000.0,0.0
2775000.0,0.0
2780000.0,0.0
2785000.0,0.0
2790000.0,0.0
2795000.0,0.0
2800000.0,0.0
2805000.0,0.0
2810000.0,0.0
2815000.0,0.0
2820000.0,0.0
2825000.0,0.0
2830000.0,0.0
2835000.0,0.0
2840000.0,0.0
2845000.0,0.0
2850000.0,0.0
2855000.0,0.0
2860000.0,0.0
2865000.0,0.0
2870000.0,0.0
2875000.0,0.0
2880000.0,0.0
2885000.0,0.0
2890000.0,0.0
2895000.0,0.0
2900000.0,0.0
2905000.0,0.0
2910000.0,0.0
2915000.0,0.0
2920000.0,0.0
2925000.0,0.0
2930000.0,0.0
2935000.0,0.0
2940000.0,0.0
2945000.0,0.0
2950000.0,0.0
2955000.0,0.0
2960000.0,0.0
2965000.0,0.0
2970000.0,0.0
2975000.0,0.0
2980000.0,0.0
2985000.0,0.0
2990000.0,0.0
2995000.0,0.0
3000000.0,0.0
3005000.0,0.0
3010000.0,0.0
3015000.0,0.0
3020000.0,0.0
3025000.0,0.0
3030000.0,0.0
3035000.0,0.0
3040000.0,0.0
3045000.0,0.0
3050000.0,0.0
3055000.0,0.0
3060000.0,0.0
3065000.0,0.0
3070000.0,0.0
3075000.0,0.0
3080000.0,0.0
3085000.0,0.0
3090000.0,0.0
3095000.0,0.0
3100000.0,0.0
3105000.0,0.0
3110000.0,0.0
3115000.0,0.0
3120000.0,0.0
3125000.0,0.0
3130000.0,0.0
3135000.0,0.0
3140000.0,0.0
3145000.0,0.0
3150000.0,0.0
3155000.0,0.0
3160000.0,0.0
3165000.0,0.0
3170000.0,0.0
3175000.0,0.0
3180000.0,0.0
3185000.0,0.0
3190000.0,0.0
3195000.0,0.0
3200000.0,0.0
3205000.0,0.0
3210000.0,0.0
3215000.0,0.0
3220000.0,0.0
3225000.0,0.0
3230000.0,0.0
3235000.0,0.0
3240000.0,0.0
3245000.0,0.0
3250000.0,0.0
3255000.0,0.0
3260000.0,0.0
3265000.0,0.0
3270000.0,0.0
3275000.0,0.0
3280000.0,0.0
3285000.0,0.0
3290000.0,0.0
3295000.0,0.0
3300000.0,0.0
3305000.0,0.0
3310000.0,0.0
3315000.0,0.0
3320000.0,0.0
3325000.0,0.0
3330000.0,0.0
3335000.0,0.0
3340000.0,0.0
3345000.0,0.0
3350000.0,0.0
3355000.0,0.0
3360000.0,0.0
3365000.0,0.0
3370000.0,0.0
3375000.0,0.0
3380000.0,0.0
3385000.0,0.0
3390000.0,0.0
3395000.0,0.0
3400000.0,0.0
3405000.0,0.0
3410000.0,0.0
3415000.0,0.0
3420000.0,0.0
3425000.0,0.0
3430000.0,0.0
3435000.0,0.0
3440000.0,0.0
3445000.0,0.0
3450000.0,0.0
3455000.0,0.0
3460000.0,0.0
3465000.0,0.0
3470000.0,0.0
3475000.0,0.0
3480000.0,0.0
3485000.0,0.0
3490000.0,0.0
3495000.0,0.0
3500000.0,0.0
3505000.0,0.0
3510000.0,0.0
3515000.0,0.0
3520000.0,0.0
3525000.0,0.0
3530000.0,0.0
3535000.0,0.0
3540000.0,0.0
3545000.0,0.0
3550000.0,0.0
3555000.0,0.0
3560000.0,0.0
3565000.0,0.0
3570000.0,0.0
3575000.0,0.0
3580000.0,0.0
3585000.0,0.0
3590000.0,0.0
3595000.0,0.0
3600000.0,0.0
3605000.0,0.0
3610000.0,0.0
3615000.0,0.0
3620000.0,0.0
3625000.0,0.0
3630000.0,0.0
3635000.0,0.0
3640000.0,0.0
3645000.0,0.0
3650000.0,0.0
3655000.0,0.0
3660000.0,0.0
3665000.0,0.0
3670000.0,0.0
3675000.0,0.0
3680000.0,0.0
3685000.0,0.0
3690000.0,0.0
3695000.0,0.0
3700000.0,0.0
3705000.0,0.0
3710000.0,0.0
3715000.0,0.0
3720000.0,0.0
3725000.0,0.0
3730000.0,0.0
3735000.0,0.0
3740000.0,0.0
3745000.0,0.0
3750000.0,0.0
3755000.0,0.0
3760000.0,0.0
3765000.0,0.0
3770000.0,0.0
3775000.0,0.0
3780000.0,0.0
3785000.0,0.0
3790000.0,0.0
3795000.0,0.0
3800000.0,0.0
3805000.0,0.0
3810000.0,0.0
3815000.0,0.0
3820000.0,0.0
3825000.0,0.0
3830000.0,0.0
3835000.0,0.0
3840000.0,0.0
3845000.0,0.0
3850000.0,0.0
3855000.0,0.0
3860000.0,0.0
3865000.0,0.0
3870000.0,0.0
3875000.0,0.0
3880000.0,0.0
3885000.0,0.0
3890000.0,0.0
3895000.0,0.0
3900000.0,0.0
3905000.0,0.0
3910000.0,0.0
3915000.0,0.0
3920000.0,0.0
3925000.0,0.0
3930000.0,0.0
3935000.0,0.0
3940000.0,0.0
3945000.0,0.0
3950000.0,0.0
3955000.0,0.0
3960000.0,0.0
3965000.0,0.0
3970000.0,0.0
3975000.0,0.0
3980000.0,0.0
3985000.0,0.0
3990000.0,0.0
3995000.0,0.0
4000000.0,0.0
4005000.0,0.0
4010000.0,0.0
4015000.0,0.0
4020000.0,0.0
4025000.0,0.0
4030000.0,0.0
4035000.0,0.0
4040000.0,0.0
4045000.0,0.0
4050000.0,0.0
4055000.0,0.0
4060000.0,0.0
4065000.0,0.0
4070000.0,0.0
4075000.0,0.0
4080000.0,0.0
4085000.0,0.0
4090000.0,0.0
4095000.0,0.0
4100000.0,0.0
4105000.0,0.0
4110000.0,0.0
4115000.0,0.0
4120000.0,0.0
4125000.0,0.0
4130000.0,0.0
4135000.0,0.0
4140000.0,0.0
4145000.0,0.0
4150000.0,0.0
4155000.0,0.0
4160000.0,0.0
4165000.0,0.0
4170000.0,0.0
4175000.0,0.0
4180000.0,0.0
4185000.0,0.0
4190000.0,0.0
4195000.0,0.0
4200000.0,0.0
4205000.0,0.0
4210000.0,0.0
4215000.0,0.0
4220000.0,0.0
4225000.0,0.0
4230000.0,0.0
4235000.0,0.0
4240000.0,0.0
4245000.0,0.0
4250000.0,0.0
4255000.0,0.0
4260000.0,0.0
4265000.0,0.0
4270000.0,0.0
4275000.0,0.0
4280000.0,0.0
4285000.0,0.0
4290000.0,0.0
4295000.0,0.0
4300000.0,0.0
4305000.0,0.0
4310000.0,0.0
4315000.0,0.0
4320000.0,0.0
4325000.0,0.0
4330000.0,0.0
4335000.0,0.0
4340000.0,0.0
4345000.0,0.0
4350000.0,0.0
4355000.0,0.0
4360000.0,0.0
4365000.0,0.0
4370000.0,0.0
4375000.0,0.0
4380000.0,0.0
4385000.0,0.0
4390000.0,0.0
4395000.0,0.0
4400000.0,0.0
4405000.0,0.0
4410000.0,0.0
4415000.0,0.0
4420000.0,0.0
4425000.0,0.0
4430000.0,0.0
4435000.0,0.0
4440000.0,0.0
4445000.0,0.0
4450000.0,0.0
4455000.0,0.0
4460000.0,0.0
4465000.0,0.0
4470000.0,0.0
4475000.0,0.0
4480000.0,0.0
4485000.0,0.0
4490000.0,0.0
4495000.0,0.0
4500000.0,0.0
4505000.0,0.0
4510000.0,0.0
4515000.0,0.0
4520000.0,0.0
4525000.0,0.0
4530000.0,0.0
4535000.0,0.0
4540000.0,0.0
4545000.0,0.0
4550000.0,0.0
4555000.0,0.0
4560000.0,0.0
4565000.0,0.0
4570000.0,0.0
4575000.0,0.0
4580000.0,0.0
4585000.0,0.0
4590000.0,0.0
4595000.0,0.0
4600000.0,0.0
4605000.0,0.0
4610000.0,0.0
4615000.0,0.0
4620000.0,0.0
4625000.0,0.0
4630000.0,0.0
4635000.0,0.0
4640000.0,0.0
4645000.0,0.0
4650000.0,0.0
4655000.0,0.0
4660000.0,0.0
4665000.0,0.0
4670000.0,0.0
4675000.0,0.0
4680000.0,0.0
4685000.0,0.0
4690000.0,0.0
4695000.0,0.0
4700000.0,0.0
4705000.0,0.0
4710000.0,0.0
4715000.0,0.0
4720000.0,0.0
4725000.0,0.0
4730000.0,0.0
4735000.0,0.0
4740000.0,0.0
4745000.0,0.0
4750000.0,0.0
4755000.0,0.0
4760000.0,0.0
4765000.0,0.0
4770000.0,0.0
4775000.0,0.0
4780000.0,0.0
4785000.0,0.0
4790000.0,0.0
4795000.0,0.0
4800000.0,0.0
4805000.0,0.0
4810000.0,0.0
4815000.0,0.0
4820000.0,0.0
4825000.0,0.0
4830000.0,0.0
4835000.0,0.0
4840000.0,0.0
4845000.0,0.0
4850000.0,0.0
4855000.0,0.0
4860000.0,0.0
4865000.0,0.0
4870000.0,0.0
4875000.0,0.0
4880000.0,0.0
4885000.0,0.0
4890000.0,0.0
4895000.0,0.0
4900000.0,0.0
4905000.0,0.0
4910000.0,0.0
4915000.0,0.0
4920000.0,0.0
4925000.0,0.0
4930000.0,0.0
4935000.0,0.0
4940000.0,0.0
4945000.0,0.0
4950000.0,0.0
4955000.0,0.0
4960000.0,0.0
4965000.0,0.0
4970000.0,0.0
4975000.0,0.0
4980000.0,0.0
4985000.0,0.0
4990000.0,0.0
4995000.0,0.0
5000000.0,0.0
5005000.0,0.0
5010000.0,0.0
5015000.0,0.0
5020000.0,0.0
5025000.0,0.0
5030000.0,0.0
5035000.0,0.0
5040000.0,0.0
5045000.0,0.0
5050000.0,0.0
5055000.0,0.0
5060000.0,0.0
5065000.0,0.0
5070000.0,0.0
5075000.0,0.0
5080000.0,0.0
5085000.0,0.0
5090000.0,0.0
5095000.0,0.0
5100000.0,0.0
5105000.0,0.0
5110000.0,0.0
5115000.0,0.0
5120000.0,0.0
5125000.0,0.0
5130000.0,0.0
5135000.0,0.0
5140000.0,0.0
5145000.0,0.0
5150000.0,0.0
5155000.0,0.0
5160000.0,0.0
5165000.0,0.0
5170000.0,0.0
5175000.0,0.0
5180000.0,-2.4107809067190775
5185000.0,0.0
5190000.0,0.0
5195000.0,0.0
5200000.0,0.0
5205000.0,0.0
5210000.0,0.0
5215000.0,0.0
5220000.0,0.0
5225000.0,0.0
5230000.0,0.0
5235000.0,0.0
5240000.0,0.0
5245000.0,0.0
5250000.0,0.0
5255000.0,0.0
5260000.0,0.0
5265000.0,0.0
5270000.0,0.0
5275000.0,0.0
5280000.0,0.0
5285000.0,0.0
5290000.0,0.0
5295000.0,0.0
5300000.0,0.0
5305000.0,0.0
5310000.0,0.0
5315000.0,0.0
5320000.0,0.0
5325000.0,0.0
5330000.0,0.0
5335000.0,0.0
5340000.0,0.0
5345000.0,0.0
5350000.0,0.0
5355000.0,0.0
5360000.0,0.0
5365000.0,0.0
5370000.0,0.0
5375000.0,0.0
5380000.0,0.0
5385000.0,0.0
5390000.0,0.0
5395000.0,0.0
5400000.0,0.0
5405000.0,0.0
5410000.0,0.0
5415000.0,0.0
5420000.0,0.0
5425000.0,0.0
5430000.0,0.0
5435000.0,0.0
5440000.0,0.0
5445000.0,0.0
5450000.0,0.0
5455000.0,0.0
5460000.0,0.0
5465000.0,0.0
5470000.0,0.0
5475000.0,0.0
5480000.0,0.0
5485000.0,0.0
5490000.0,0.0
5495000.0,0.0
5500000.0,0.0
5505000.0,0.0
5510000.0,0.0
5515000.0,0.0
5520000.0,0.0
5525000.0,0.0
5530000.0,0.0
5535000.0,0.0
5540000.0,0.0
5545000.0,0.0
5550000.0,0.0
5555000.0,0.0
5560000.0,0.0
5565000.0,0.0
5570000.0,0.0
5575000.0,0.0
5580000.0,0.0
5585000.0,0.0
5590000.0,0.0
5595000.0,0.0
5600000.0,0.0
5605000.0,0.0
5610000.0,0.0
5615000.0,0.0
5620000.0,0.0
5625000.0,0.0
5630000.0,0.0
5635000.0,0.0
5640000.0,0.0
5645000.0,0.0
5650000.0,0.0
5655000.0,0.0
5660000.0,0.0
5665000.0,0.0
5670000.0,0.0
5675000.0,0.0
5680000.0,0.0
5685000.0,0.0
5690000.0,0.0
5695000.0,0.0
5700000.0,0.0
5705000.0,0.0
5710000.0,0.0
5715000.0,0.0
5720000.0,0.0
5725000.0,0.0
5730000.0,0.0
5735000.0,0.0
5740000.0,0.0
5745000.0,0.0
5750000.0,0.0
5755000.0,0.0
5760000.0,0.0
5765000.0,0.0
5770000.0,0.0
5775000.0,0.0
5780000.0,0.0
5785000.0,0.0
5790000.0,0.0
5795000.0,0.0
5800000.0,0.0
5805000.0,0.0
5810000.0,0.0
5815000.0,0.0
5820000.0,0.0
5825000.0,0.0
5830000.0,0.0
5835000.0,0.0
5840000.0,0.0
5845000.0,0.0
5850000.0,0.0
5855000.0,0.0
5860000.0,0.0
5865000.0,0.0
5870000.0,0.0
5875000.0,0.0
5880000.0,0.0
5885000.0,0.0
5890000.0,0.0
5895000.0,0.0
5900000.0,0.0
5905000.0,0.0
5910000.0,0.0
5915000.0,0.0
5920000.0,0.0
5925000.0,0.0
5930000.0,0.0
5935000.0,0.0
5940000.0,0.0
5945000.0,0.0
5950000.0,0.0
5955000.0,0.0
5960000.0,0.0
5965000.0,0.0
5970000.0,0.0
5975000.0,0.0
5980000.0,0.0
5985000.0,0.0
5990000.0,-2.4107809067190775
5995000.0,0.0
6000000.0,-2.4107809067190775
6005000.0,0.0
6010000.0,0.0
6015000.0,0.0
6020000.0,0.0
6025000.0,0.0
6030000.0,0.0
6035000.0,0.0
6040000.0,0.0
6045000.0,0.0
6050000.0,0.0
6055000.0,0.0
6060000.0,0.0
6065000.0,0.0
6070000.0,0.0
6075000.0,0.0
6080000.0,0.0
6085000.0,0.0
6090000.0,0.0
6095000.0,0.0
6100000.0,-2.4107809067190775
6105000.0,0.0
6110000.0,0.0
6115000.0,0.0
6120000.0,0.0
6125000.0,0.0
6130000.0,0.0
6135000.0,0.0
6140000.0,0.0
6145000.0,0.0
6150000.0,0.0
6155000.0,0.0
6160000.0,0.0
6165000.0,0.0
6170000.0,0.0
6175000.0,0.0
6180000.0,0.0
6185000.0,0.0
6190000.0,0.0
6195000.0,0.0
6200000.0,0.0
6205000.0,0.0
6210000.0,0.0
6215000.0,0.0
6220000.0,0.0
6225000.0,0.0
6230000.0,0.0
6235000.0,0.0
6240000.0,0.0
6245000.0,0.0
6250000.0,0.0
6255000.0,0.0
6260000.0,0.0
6265000.0,0.0
6270000.0,0.0
6275000.0,0.0
6280000.0,0.0
6285000.0,0.0
6290000.0,0.0
6295000.0,0.0
6300000.0,0.0
6305000.0,0.0
6310000.0,0.0
6315000.0,0.0
6320000.0,0.0
6325000.0,0.0
6330000.0,0.0
6335000.0,0.0
6340000.0,0.0
6345000.0,0.0
6350000.0,0.0
6355000.0,0.0
6360000.0,0.0
6365000.0,0.0
6370000.0,0.0
6375000.0,0.0
6380000.0,0.0
6385000.0,0.0
6390000.0,0.0
6395000.0,0.0
6400000.0,0.0
6405000.0,0.0
6410000.0,0.0
6415000.0,0.0
6420000.0,0.0
6425000.0,0.0
6430000.0,0.0
6435000.0,0.0
6440000.0,0.0
6445000.0,0.0
6450000.0,0.0
6455000.0,0.0
6460000.0,0.0
6465000.0,0.0
6470000.0,0.0
6475000.0,0.0
6480000.0,0.0
6485000.0,0.0
6490000.0,0.0
6495000.0,0.0
6500000.0,0.0
6505000.0,0.0
6510000.0,0.0
6515000.0,0.0
6520000.0,0.0
6525000.0,0.0
6530000.0,0.0
6535000.0,0.0
6540000.0,0.0
6545000.0,0.0
6550000.0,0.0
6555000.0,0.0
6560000.0,0.0
6565000.0,0.0
6570000.0,0.0
6575000.0,0.0
6580000.0,0.0
6585000.0,0.0
6590000.0,0.0
6595000.0,0.0
6600000.0,0.0
6605000.0,0.0
6610000.0,0.0
6615000.0,0.0
6620000.0,0.0
6625000.0,0.0
6630000.0,0.0
6635000.0,0.0
6640000.0,0.0
6645000.0,0.0
6650000.0,0.0
6655000.0,0.0
6660000.0,0.0
6665000.0,0.0
6670000.0,0.0
6675000.0,0.0
6680000.0,0.0
6685000.0,0.0
6690000.0,0.0
6695000.0,0.0
6700000.0,0.0
6705000.0,0.0
6710000.0,0.0
6715000.0,0.0
6720000.0,0.0
6725000.0,0.0
6730000.0,0.0
6735000.0,0.0
6740000.0,0.0
6745000.0,0.0
6750000.0,0.0
6755000.0,0.0
6760000.0,0.0
6765000.0,0.0
6770000.0,0.0
6775000.0,0.0
6780000.0,0.0
6785000.0,0.0
6790000.0,0.0
6795000.0,0.0
6800000.0,0.0
6805000.0,0.0
6810000.0,0.0
6815000.0,0.0
6820000.0,0.0
6825000.0,0.0
6830000.0,0.0
6835000.0,0.0
6840000.0,0.0
6845000.0,0.0
6850000.0,0.0
6855000.0,0.0
6860000.0,0.0
6865000.0,0.0
6870000.0,0.0
6875000.0,0.0
6880000.0,0.0
6885000.0,0.0
6890000.0,0.0
6895000.0,0.0
6900000.0,0.0
6905000.0,0.0
6910000.0,0.0
6915000.0,0.0
6920000.0,0.0
6925000.0,0.0
6930000.0,0.0
6935000.0,0.0
6940000.0,0.0
6945000.0,0.0
6950000.0,0.0
6955000.0,0.0
6960000.0,-2.4107809067190775
6965000.0,0.0
6970000.0,0.0
6975000.0,0.0
6980000.0,0.0
6985000.0,0.0
6990000.0,0.0
6995000.0,0.0
7000000.0,0.0
7005000.0,0.0
7010000.0,0.0
7015000.0,0.0
7020000.0,0.0
7025000.0,0.0
7030000.0,0.0
7035000.0,0.0
7040000.0,0.0
7045000.0,0.0
7050000.0,0.0
7055000.0,0.0
7060000.0,0.0
7065000.0,0.0
7070000.0,0.0
7075000.0,0.0
7080000.0,0.0
7085000.0,0.0
7090000.0,0.0
7095000.0,0.0
7100000.0,0.0
7105000.0,0.0
7110000.0,0.0
7115000.0,0.0
7120000.0,0.0
7125000.0,0.0
7130000.0,0.0
7135000.0,0.0
7140000.0,0.0
7145000.0,0.0
7150000.0,0.0
7155000.0,0.0
7160000.0,0.0
7165000.0,0.0
7170000.0,0.0
7175000.0,0.0
7180000.0,0.0
7185000.0,0.0
7190000.0,0.0
7195000.0,0.0
7200000.0,0.0
7205000.0,0.0
7210000.0,0.0
7215000.0,0.0
7220000.0,0.0
7225000.0,0.0
7230000.0,0.0
7235000.0,0.0
7240000.0,0.0
7245000.0,0.0
7250000.0,0.0
7255000.0,0.0
7260000.0,0.0
7265000.0,0.0
7270000.0,0.0
7275000.0,0.0
7280000.0,0.0
7285000.0,0.0
7290000.0,0.0
7295000.0,0.0
7300000.0,0.0
7305000.0,0.0
7310000.0,0.0
7315000.0,0.0
7320000.0,-2.4107809067190775
7325000.0,0.0
7330000.0,0.0
7335000.0,0.0
7340000.0,0.0
7345000.0,0.0
7350000.0,0.0
7355000.0,0.0
7360000.0,0.0
7365000.0,0.0
7370000.0,0.0
7375000.0,0.0
7380000.0,0.0
7385000.0,0.0
7390000.0,0.0
7395000.0,0.0
7400000.0,0.0
7405000.0,0.0
7410000.0,0.0
7415000.0,0.0
7420000.0,0.0
7425000.0,0.0
7430000.0,0.0
7435000.0,0.0
7440000.0,0.0
7445000.0,0.0
7450000.0,0.0
7455000.0,0.0
7460000.0,0.0
7465000.0,0.0
7470000.0,0.0
7475000.0,0.0
7480000.0,0.0
7485000.0,0.0
7490000.0,0.0
7495000.0,0.0
7500000.0,0.0
7505000.0,0.0
7510000.0,0.0
7515000.0,0.0
7520000.0,0.0
7525000.0,0.0
7530000.0,0.0
7535000.0,0.0
7540000.0,0.0
7545000.0,0.0
7550000.0,0.0
7555000.0,0.0
7560000.0,0.0
7565000.0,0.0
7570000.0,0.0
7575000.0,0.0
7580000.0,0.0
7585000.0,0.0
7590000.0,0.0
7595000.0,0.0
7600000.0,0.0
7605000.0,0.0
7610000.0,0.0
7615000.0,0.0
7620000.0,0.0
7625000.0,0.0
7630000.0,0.0
7635000.0,0.0
7640000.0,0.0
7645000.0,0.0
7650000.0,0.0
7655000.0,0.0
7660000.0,0.0
7665000.0,0.0
7670000.0,0.0
7675000.0,0.0
7680000.0,0.0
7685000.0,0.0
7690000.0,0.0
7695000.0,0.0
7700000.0,0.0
7705000.0,0.0
7710000.0,0.0
7715000.0,0.0
7720000.0,0.0
7725000.0,0.0
7730000.0,0.0
7735000.0,0.0
7740000.0,0.0
7745000.0,0.0
7750000.0,0.0
7755000.0,0.0
7760000.0,-2.4107809067190775
7765000.0,0.0
7770000.0,0.0
7775000.0,0.0
7780000.0,0.0
7785000.0,0.0
7790000.0,0.0
7795000.0,0.0
7800000.0,0.0
7805000.0,0.0
7810000.0,0.0
7815000.0,0.0
7820000.0,0.0
7825000.0,0.0
7830000.0,0.0
7835000.0,0.0
7840000.0,0.0
7845000.0,0.0
7850000.0,0.0
7855000.0,0.0
7860000.0,0.0
7865000.0,0.0
7870000.0,0.0
7875000.0,0.0
7880000.0,0.0
7885000.0,0.0
7890000.0,0.0
7895000.0,0.0
7900000.0,0.0
7905000.0,0.0
7910000.0,0.0
7915000.0,0.0
7920000.0,0.0
7925000.0,0.0
7930000.0,0.0
7935000.0,0.0
7940000.0,0.0
7945000.0,0.0
7950000.0,0.0
7955000.0,0.0
7960000.0,0.0
7965000.0,0.0
7970000.0,0.0
7975000.0,0.0
7980000.0,0.0
7985000.0,0.0
7990000.0,0.0
7995000.0,0.0
8000000.0,0.0
8005000.0,0.0
8010000.0,0.0
8015000.0,0.0
8020000.0,0.0
8025000.0,0.0
8030000.0,0.0
8035000.0,0.0
8040000.0,0.0
8045000.0,0.0
8050000.0,0.0
8055000.0,0.0
8060000.0,0.0
8065000.0,0.0
8070000.0,0.0
8075000.0,0.0
8080000.0,0.0
8085000.0,0.0
8090000.0,0.0
8095000.0,0.0
8100000.0,0.0
8105000.0,0.0
8110000.0,0.0
8115000.0,0.0
8120000.0,0.0
8125000.0,0.0
8130000.0,0.0
8135000.0,0.0
8140000.0,0.0
8145000.0,0.0
8150000.0,0.0
8155000.0,0.0
8160000.0,0.0
8165000.0,0.0
8170000.0,0.0
8175000.0,0.0
8180000.0,0.0
8185000.0,0.0
8190000.0,0.0
8195000.0,0.0
8200000.0,0.0
8205000.0,0.0
8210000.0,0.0
8215000.0,0.0
8220000.0,0.0
8225000.0,0.0
8230000.0,0.0
8235000.0,0.0
8240000.0,0.0
8245000.0,0.0
8250000.0,0.0
8255000.0,0.0
8260000.0,0.0
8265000.0,0.0
8270000.0,0.0
8275000.0,0.0
8280000.0,0.0
8285000.0,0.0
8290000.0,0.0
8295000.0,0.0
8300000.0,0.0
8305000.0,0.0
8310000.0,0.0
8315000.0,0.0
8320000.0,0.0
8325000.0,0.0
8330000.0,0.0
8335000.0,0.0
8340000.0,0.0
8345000.0,0.0
8350000.0,0.0
8355000.0,0.0
8360000.0,0.0
8365000.0,0.0
8370000.0,0.0
8375000.0,0.0
8380000.0,-2.4107809067190775
8385000.0,-2.4107809067190775
8390000.0,0.0
8395000.0,0.0
8400000.0,0.0
8405000.0,0.0
8410000.0,0.0
8415000.0,0.0
8420000.0,0.0
8425000.0,0.0
8430000.0,0.0
8435000.0,0.0
8440000.0,0.0
8445000.0,0.0
8450000.0,0.0
8455000.0,0.0
8460000.0,0.0
8465000.0,0.0
8470000.0,0.0
8475000.0,0.0
8480000.0,0.0
8485000.0,0.0
8490000.0,0.0
8495000.0,0.0
8500000.0,0.0
8505000.0,0.0
8510000.0,0.0
8515000.0,0.0
8520000.0,0.0
8525000.0,0.0
8530000.0,0.0
8535000.0,0.0
8540000.0,0.0
8545000.0,0.0
8550000.0,0.0
8555000.0,0.0
8560000.0,0.0
8565000.0,0.0
8570000.0,0.0
8575000.0,0.0
8580000.0,0.0
8585000.0,0.0
8590000.0,0.0
8595000.0,0.0
8600000.0,0.0
8605000.0,0.0
8610000.0,0.0
8615000.0,0.0
8620000.0,0.0
8625000.0,0.0
8630000.0,0.0
8635000.0,0.0
8640000.0,0.0
8645000.0,0.0
8650000.0,0.0
8655000.0,0.0
8660000.0,0.0
8665000.0,0.0
8670000.0,0.0
8675000.0,0.0
8680000.0,0.0
8685000.0,0.0
8690000.0,0.0
8695000.0,0.0
8700000.0,0.0
8705000.0,0.0
8710000.0,0.0
8715000.0,0.0
8720000.0,0.0
8725000.0,0.0
8730000.0,0.0
8735000.0,0.0
8740000.0,0.0
8745000.0,0.0
8750000.0,0.0
8755000.0,0.0
8760000.0,0.0
8765000.0,0.0
8770000.0,0.0
8775000.0,0.0
8780000.0,0.0
8785000.0,0.0
8790000.0,0.0
8795000.0,0.0
8800000.0,0.0
8805000.0,0.0
8810000.0,0.0
8815000.0,0.0
8820000.0,0.0
8825000.0,0.0
8830000.0,0.0
8835000.0,0.0
8840000.0,0.0
8845000.0,0.0
8850000.0,0.0
8855000.0,0.0
8860000.0,0.0
8865000.0,0.0
8870000.0,0.0
8875000.0,0.0
8880000.0,0.0
8885000.0,0.0
8890000.0,0.0
8895000.0,0.0
8900000.0,0.0
8905000.0,0.0
8910000.0,0.0
8915000.0,0.0
8920000.0,0.0
8925000.0,0.0
8930000.0,0.0
8935000.0,0.0
8940000.0,0.0
8945000.0,0.0
8950000.0,0.0
8955000.0,0.0
8960000.0,0.0
8965000.0,0.0
8970000.0,0.0
8975000.0,0.0
8980000.0,0.0
8985000.0,0.0
8990000.0,0.0
8995000.0,0.0
9000000.0,0.0
9005000.0,0.0
9010000.0,0.0
9015000.0,0.0
9020000.0,0.0
9025000.0,0.0
9030000.0,0.0
9035000.0,0.0
9040000.0,0.0
9045000.0,0.0
9050000.0,0.0
9055000.0,0.0
9060000.0,0.0
9065000.0,0.0
9070000.0,0.0
9075000.0,0.0
9080000.0,0.0
9085000.0,0.0
9090000.0,0.0
9095000.0,0.0
9100000.0,0.0
9105000.0,0.0
9110000.0,0.0
9115000.0,0.0
9120000.0,0.0
9125000.0,0.0
9130000.0,0.0
9135000.0,0.0
9140000.0,0.0
9145000.0,0.0
9150000.0,0.0
9155000.0,0.0
9160000.0,0.0
9165000.0,0.0
9170000.0,0.0
9175000.0,0.0
9180000.0,0.0
9185000.0,0.0
9190000.0,0.0
9195000.0,0.0
9200000.0,0.0
9205000.0,0.0
9210000.0,0.0
9215000.0,0.0
9220000.0,0.0
9225000.0,0.0
9230000.0,0.0
9235000.0,0.0
9240000.0,0.0
9245000.0,0.0
9250000.0,0.0
9255000.0,0.0
9260000.0,0.0
9265000.0,0.0
9270000.0,0.0
9275000.0,0.0
9280000.0,0.0
9285000.0,0.0
9290000.0,0.0
9295000.0,0.0
9300000.0,0.0
9305000.0,0.0
9310000.0,0.0
9315000.0,0.0
9320000.0,0.0
9325000.0,0.0
9330000.0,0.0
9335000.0,0.0
9340000.0,0.0
9345000.0,0.0
9350000.0,0.0
9355000.0,0.0
9360000.0,0.0
9365000.0,0.0
9370000.0,0.0
9375000.0,0.0
9380000.0,0.0
9385000.0,0.0
9390000.0,0.0
9395000.0,0.0
9400000.0,0.0
9405000.0,0.0
9410000.0,0.0
9415000.0,0.0
9420000.0,0.0
9425000.0,0.0
9430000.0,0.0
9435000.0,0.0
9440000.0,0.0
9445000.0,0.0
9450000.0,0.0
9455000.0,0.0
9460000.0,0.0
9465000.0,0.0
9470000.0,0.0
9475000.0,0.0
9480000.0,0.0
9485000.0,0.0
9490000.0,0.0
9495000.0,0.0
9500000.0,0.0
9505000.0,0.0
9510000.0,0.0
9515000.0,0.0
9520000.0,0.0
9525000.0,0.0
9530000.0,0.0
9535000.0,0.0
9540000.0,0.0
9545000.0,0.0
9550000.0,0.0
9555000.0,0.0
9560000.0,0.0
9565000.0,0.0
9570000.0,0.0
9575000.0,0.0
9580000.0,0.0
9585000.0,0.0
9590000.0,0.0
9595000.0,0.0
9600000.0,0.0
9605000.0,0.0
9610000.0,0.0
9615000.0,0.0
9620000.0,0.0
9625000.0,0.0
9630000.0,0.0
9635000.0,0.0
9640000.0,0.0
9645000.0,0.0
9650000.0,0.0
9655000.0,0.0
9660000.0,0.0
9665000.0,0.0
9670000.0,0.0
9675000.0,0.0
9680000.0,0.0
9685000.0,0.0
9690000.0,0.0
9695000.0,0.0
9700000.0,0.0
9705000.0,0.0
9710000.0,0.0
9715000.0,0.0
9720000.0,0.0
9725000.0,0.0
9730000.0,0.0
9735000.0,0.0
9740000.0,0.0
9745000.0,0.0
9750000.0,0.0
9755000.0,0.0
9760000.0,0.0
9765000.0,0.0
9770000.0,0.0
9775000.0,0.0
9780000.0,0.0
9785000.0,0.0
9790000.0,0.0
9795000.0,0.0
9800000.0,0.0
9805000.0,0.0
9810000.0,0.0
9815000.0,0.0
9820000.0,0.0
9825000.0,0.0
9830000.0,0.0
9835000.0,0.0
9840000.0,0.0
9845000.0,0.0
9850000.0,0.0
9855000.0,0.0
9860000.0,0.0
9865000.0,0.0
9870000.0,0.0
9875000.0,0.0
9880000.0,0.0
9885000.0,0.0
9890000.0,0.0
9895000.0,0.0
9900000.0,0.0
9905000.0,0.0
9910000.0,0.0
9915000.0,0.0
9920000.0,0.0
9925000.0,0.0
9930000.0,0.0
9935000.0,0.0
9940000.0,0.0
9945000.0,0.0
9950000.0,0.0
9955000.0,0.0
9960000.0,0.0
9965000.0,0.0
9970000.0,0.0
9975000.0,0.0
9980000.0,0.0
9985000.0,0.0
9990000.0,0.0
9995000.0,0.0
10000000.0,0.0
10005000.0,0.0
10010000.0,0.0
10015000.0,0.0
10020000.0,0.0
10025000.0,0.0
10030000.0,0.0
10035000.0,0.0
10040000.0,0.0
10045000.0,0.0
10050000.0,0.0
10055000.0,0.0
10060000.0,0.0
10065000.0,0.0
10070000.0,0.0
10075000.0,0.0
10080000.0,0.0
10085000.0,0.0
10090000.0,0.0
10095000.0,0.0
10100000.0,0.0
10105000.0,0.0
10110000.0,0.0
10115000.0,0.0
10120000.0,0.0
10125000.0,0.0
10130000.0,0.0
10135000.0,0.0
10140000.0,0.0
10145000.0,0.0
10150000.0,0.0
10155000.0,0.0
10160000.0,0.0
10165000.0,0.0
10170000.0,0.0
10175000.0,0.0
10180000.0,0.0
10185000.0,0.0
10190000.0,0.0
10195000.0,0.0
10200000.0,0.0
10205000.0,0.0
10210000.0,0.0
10215000.0,0.0
10220000.0,0.0
10225000.0,0.0
10230000.0,0.0
10235000.0,0.0
10240000.0,0.0
10245000.0,0.0
10250000.0,0.0
10255000.0,0.0
10260000.0,0.0
10265000.0,0.0
10270000.0,0.0
10275000.0,0.0
10280000.0,0.0
10285000.0,0.0
10290000.0,0.0
10295000.0,0.0
10300000.0,0.0
10305000.0,0.0
10310000.0,0.0
10315000.0,0.0
10320000.0,0.0
10325000.0,0.0
10330000.0,0.0
10335000.0,0.0
10340000.0,0.0
10345000.0,0.0
10350000.0,0.0
10355000.0,0.0
10360000.0,0.0
10365000.0,0.0
10370000.0,0.0
10375000.0,0.0
10380000.0,0.0
10385000.0,0.0
10390000.0,0.0
10395000.0,0.0
10400000.0,0.0
10405000.0,0.0
10410000.0,0.0
10415000.0,0.0
10420000.0,0.0
10425000.0,0.0
10430000.0,0.0
10435000.0,0.0
10440000.0,0.0
10445000.0,0.0
10450000.0,0.0
10455000.0,0.0
10460000.0,0.0
10465000.0,0.0
10470000.0,0.0
10475000.0,0.0
10480000.0,0.0
10485000.0,0.0
10490000.0,0.0
10495000.0,0.0
10500000.0,0.0
10505000.0,0.0
10510000.0,0.0
10515000.0,0.0
10520000.0,0.0
10525000.0,0.0
10530000.0,0.0
10535000.0,0.0
10540000.0,0.0
10545000.0,0.0
10550000.0,0.0
10555000.0,0.0
10560000.0,0.0
10565000.0,0.0
10570000.0,0.0
10575000.0,0.0
10580000.0,0.0
10585000.0,0.0
10590000.0,0.0
10595000.0,0.0
10600000.0,0.0
10605000.0,0.0
10610000.0,0.0
10615000.0,0.0
10620000.0,0.0
10625000.0,0.0
10630000.0,0.0
10635000.0,0.0
10640000.0,0.0
10645000.0,0.0
10650000.0,0.0
10655000.0,0.0
10660000.0,0.0
10665000.0,0.0
10670000.0,0.0
10675000.0,0.0
10680000.0,0.0
10685000.0,0.0
10690000.0,0.0
10695000.0,0.0
10700000.0,0.0
10705000.0,0.0
10710000.0,0.0
10715000.0,0.0
10720000.0,0.0
10725000.0,0.0
10730000.0,0.0
10735000.0,0.0
10740000.0,0.0
10745000.0,0.0
10750000.0,0.0
10755000.0,0.0
10760000.0,0.0
10765000.0,0.0
10770000.0,0.0
10775000.0,0.0
10780000.0,0.0
10785000.0,0.0
10790000.0,0.0
10795000.0,0.0
10800000.0,0.0
10805000.0,0.0
10810000.0,0.0
10815000.0,0.0
10820000.0,0.0
10825000.0,0.0
10830000.0,0.0
10835000.0,0.0
10840000.0,0.0
10845000.0,0.0
10850000.0,0.0
10855000.0,0.0
10860000.0,0.0
10865000.0,0.0
10870000.0,0.0
10875000.0,0.0
10880000.0,0.0
10885000.0,0.0
10890000.0,0.0
10895000.0,0.0
10900000.0,0.0
10905000.0,0.0
10910000.0,0.0
10915000.0,0.0
10920000.0,0.0
10925000.0,0.0
10930000.0,0.0
10935000.0,0.0
10940000.0,0.0
10945000.0,0.0
10950000.0,0.0
10955000.0,0.0
10960000.0,0.0
10965000.0,0.0
10970000.0,0.0
10975000.0,0.0
10980000.0,0.0
10985000.0,0.0
10990000.0,0.0
10995000.0,0.0
11000000.0,0.0
11005000.0,0.0
11010000.0,0.0
11015000.0,0.0
11020000.0,0.0
11025000.0,0.0
11030000.0,0.0
11035000.0,0.0
11040000.0,0.0
11045000.0,0.0
11050000.0,0.0
11055000.0,0.0
11060000.0,0.0
11065000.0,0.0
11070000.0,0.0
11075000.0,0.0
11080000.0,0.0
11085000.0,0.0
11090000.0,0.0
11095000.0,0.0
11100000.0,0.0
11105000.0,0.0
11110000.0,0.0
11115000.0,0.0
11120000.0,0.0
11125000.0,0.0
11130000.0,0.0
11135000.0,0.0
11140000.0,0.0
11145000.0,0.0
11150000.0,0.0
11155000.0,0.0
11160000.0,0.0
11165000.0,0.0
11170000.0,0.0
11175000.0,0.0
11180000.0,0.0
11185000.0,0.0
11190000.0,0.0
11195000.0,0.0
11200000.0,0.0
11205000.0,0.0
11210000.0,0.0
11215000.0,0.0
11220000.0,0.0
11225000.0,0.0
11230000.0,0.0
11235000.0,0.0
11240000.0,0.0
11245000.0,0.0
11250000.0,0.0
11255000.0,0.0
11260000.0,0.0
11265000.0,0.0
11270000.0,0.0
11275000.0,0.0
11280000.0,0.0
11285000.0,0.0
11290000.0,0.0
11295000.0,0.0
11300000.0,0.0
11305000.0,0.0
11310000.0,0.0
11315000.0,0.0
11320000.0,0.0
11325000.0,0.0
11330000.0,0.0
11335000.0,0.0
11340000.0,0.0
11345000.0,0.0
11350000.0,0.0
11355000.0,0.0
11360000.0,0.0
11365000.0,0.0
11370000.0,0.0
11375000.0,0.0
11380000.0,0.0
11385000.0,0.0
11390000.0,0.0
11395000.0,0.0
11400000.0,0.0
11405000.0,0.0
11410000.0,0.0
11415000.0,0.0
11420000.0,0.0
11425000.0,0.0
11430000.0,0.0
11435000.0,0.0
11440000.0,0.0
11445000.0,0.0
11450000.0,0.0
11455000.0,0.0
11460000.0,0.0
11465000.0,0.0
11470000.0,0.0
11475000.0,0.0
11480000.0,0.0
11485000.0,0.0
11490000.0,0.0
11495000.0,0.0
11500000.0,0.0
11505000.0,0.0
11510000.0,0.0
11515000.0,0.0
11520000.0,0.0
11525000.0,0.0
11530000.0,0.0
11535000.0,0.0
11540000.0,0.0
11545000.0,0.0
11550000.0,0.0
11555000.0,0.0
11560000.0,0.0
11565000.0,0.0
11570000.0,0.0
11575000.0,0.0
11580000.0,0.0
11585000.0,0.0
11590000.0,0.0
11595000.0,0.0
11600000.0,0.0
11605000.0,0.0
11610000.0,0.0
11615000.0,0.0
11620000.0,0.0
11625000.0,0.0
11630000.0,0.0
11635000.0,0.0
11640000.0,0.0
11645000.0,0.0
11650000.0,0.0
11655000.0,0.0
11660000.0,0.0
11665000.0,0.0
11670000.0,0.0
11675000.0,0.0
11680000.0,0.0
11685000.0,0.0
11690000.0,0.0
11695000.0,0.0
11700000.0,0.0
11705000.0,0.0
11710000.0,0.0
11715000.0,0.0
11720000.0,0.0
11725000.0,0.0
11730000.0,0.0
11735000.0,0.0
11740000.0,0.0
11745000.0,0.0
11750000.0,0.0
11755000.0,0.0
11760000.0,0.0
11765000.0,0.0
11770000.0,0.0
11775000.0,0.0
11780000.0,0.0
11785000.0,0.0
11790000.0,0.0
11795000.0,0.0
11800000.0,0.0
11805000.0,0.0
11810000.0,0.0
11815000.0,0.0
11820000.0,0.0
11825000.0,0.0
11830000.0,0.0
11835000.0,0.0
11840000.0,0.0
11845000.0,0.0
11850000.0,0.0
11855000.0,0.0
11860000.0,0.0
11865000.0,0.0
11870000.0,0.0
11875000.0,0.0
11880000.0,0.0
11885000.0,0.0
11890000.0,0.0
11895000.0,0.0
11900000.0,0.0
11905000.0,0.0
11910000.0,0.0
11915000.0,0.0
11920000.0,0.0
11925000.0,0.0
11930000.0,0.0
11935000.0,0.0
11940000.0,0.0
11945000.0,0.0
11950000.0,0.0
11955000.0,0.0
11960000.0,0.0
11965000.0,0.0
11970000.0,0.0
11975000.0,0.0
11980000.0,0.0
11985000.0,0.0
11990000.0,0.0
11995000.0,0.0
12000000.0,0.0
12005000.0,0.0
12010000.0,0.0
12015000.0,0.0
12020000.0,0.0
12025000.0,0.0
12030000.0,0.0
12035000.0,0.0
12040000.0,0.0
12045000.0,0.0
12050000.0,0.0
12055000.0,0.0
12060000.0,0.0
12065000.0,0.0
12070000.0,0.0
12075000.0,0.0
12080000.0,0.0
12085000.0,0.0
12090000.0,0.0
12095000.0,0.0
12100000.0,0.0
12105000.0,0.0
12110000.0,0.0
12115000.0,0.0
12120000.0,0.0
12125000.0,0.0
12130000.0,0.0
12135000.0,0.0
12140000.0,0.0
12145000.0,0.0
12150000.0,0.0
12155000.0,0.0
12160000.0,0.0
12165000.0,0.0
12170000.0,0.0
12175000.0,0.0
12180000.0,0.0
12185000.0,0.0
12190000.0,0.0
12195000.0,0.0
12200000.0,0.0
12205000.0,0.0
12210000.0,0.0
12215000.0,0.0
12220000.0,0.0
12225000.0,0.0
12230000.0,0.0
12235000.0,0.0
12240000.0,0.0
12245000.0,0.0
12250000.0,0.0
12255000.0,0.0
12260000.0,0.0
12265000.0,0.0
12270000.0,0.0
12275000.0,0.0
12280000.0,0.0
12285000.0,0.0
12290000.0,0.0
12295000.0,0.0
12300000.0,0.0
12305000.0,0.0
12310000.0,0.0
12315000.0,0.0
12320000.0,0.0
12325000.0,0.0
12330000.0,0.0
12335000.0,0.0
12340000.0,0.0
12345000.0,0.0
12350000.0,0.0
12355000.0,0.0
12360000.0,0.0
12365000.0,0.0
12370000.0,0.0
12375000.0,0.0
12380000.0,0.0
12385000.0,0.0
12390000.0,0.0
12395000.0,0.0
12400000.0,0.0
12405000.0,0.0
12410000.0,0.0
12415000.0,0.0
12420000.0,0.0
12425000.0,0.0
12430000.0,0.0
12435000.0,0.0
12440000.0,0.0
12445000.0,0.0
12450000.0,0.0
12455000.0,0.0
12460000.0,0.0
12465000.0,0.0
12470000.0,0.0
12475000.0,0.0
12480000.0,0.0
12485000.0,0.0
12490000.0,0.0
12495000.0,0.0
12500000.0,0.0
12505000.0,0.0
12510000.0,0.0
12515000.0,0.0
12520000.0,0.0
12525000.0,0.0
12530000.0,0.0
12535000.0,0.0
12540000.0,0.0
12545000.0,0.0
12550000.0,0.0
12555000.0,0.0
12560000.0,0.0
12565000.0,0.0
12570000.0,0.0
12575000.0,0.0
12580000.0,0.0
12585000.0,0.0
12590000.0,0.0
12595000.0,0.0
12600000.0,0.0
12605000.0,0.0
12610000.0,0.0
12615000.0,0.0
12620000.0,0.0
12625000.0,0.0
12630000.0,0.0
12635000.0,0.0
12640000.0,0.0
12645000.0,0.0
12650000.0,0.0
12655000.0,0.0
12660000.0,0.0
12665000.0,0.0
12670000.0,0.0
12675000.0,0.0
12680000.0,0.0
12685000.0,0.0
12690000.0,0.0
12695000.0,0.0
12700000.0,0.0
12705000.0,0.0
12710000.0,0.0
12715000.0,0.0
12720000.0,0.0
12725000.0,0.0
12730000.0,0.0
12735000.0,0.0
12740000.0,0.0
12745000.0,0.0
12750000.0,0.0
12755000.0,0.0
12760000.0,0.0
12765000.0,0.0
12770000.0,0.0
12775000.0,0.0
12780000.0,0.0
12785000.0,0.0
12790000.0,0.0
12795000.0,0.0
12800000.0,0.0
12805000.0,0.0
12810000.0,0.0
12815000.0,0.0
12820000.0,0.0
12825000.0,0.0
12830000.0,0.0
12835000.0,0.0
12840000.0,0.0
12845000.0,0.0
12850000.0,0.0
12855000.0,0.0
12860000.0,0.0
12865000.0,0.0
12870000.0,0.0
12875000.0,0.0
12880000.0,0.0
12885000.0,0.0
12890000.0,0.0
12895000.0,0.0
12900000.0,0.0
12905000.0,0.0
12910000.0,0.0
12915000.0,0.0
12920000.0,0.0
12925000.0,0.0
12930000.0,0.0
12935000.0,0.0
12940000.0,0.0
12945000.0,0.0
12950000.0,0.0
12955000.0,0.0
12960000.0,0.0
12965000.0,0.0
12970000.0,0.0
12975000.0,0.0
12980000.0,0.0
12985000.0,0.0
12990000.0,0.0
12995000.0,0.0
13000000.0,0.0
13005000.0,0.0
13010000.0,0.0
13015000.0,0.0
13020000.0,0.0
13025000.0,0.0
13030000.0,0.0
13035000.0,0.0
13040000.0,0.0
13045000.0,0.0
13050000.0,0.0
13055000.0,0.0
13060000.0,0.0
13065000.0,0.0
13070000.0,0.0
13075000.0,0.0
13080000.0,0.0
13085000.0,0.0
13090000.0,0.0
13095000.0,0.0
13100000.0,0.0
13105000.0,0.0
13110000.0,0.0
13115000.0,0.0
13120000.0,0.0
13125000.0,0.0
13130000.0,0.0
13135000.0,0.0
13140000.0,0.0
13145000.0,0.0
13150000.0,0.0
13155000.0,0.0
13160000.0,0.0
13165000.0,0.0
13170000.0,0.0
13175000.0,0.0
13180000.0,0.0
13185000.0,0.0
13190000.0,0.0
13195000.0,0.0
13200000.0,0.0
13205000.0,0.0
13210000.0,0.0
13215000.0,0.0
13220000.0,0.0
13225000.0,0.0
13230000.0,0.0
13235000.0,0.0
13240000.0,0.0
13245000.0,0.0
13250000.0,0.0
13255000.0,0.0
13260000.0,0.0
13265000.0,0.0
13270000.0,0.0
13275000.0,0.0
13280000.0,0.0
13285000.0,0.0
13290000.0,0.0
13295000.0,0.0
13300000.0,0.0
13305000.0,0.0
13310000.0,0.0
13315000.0,0.0
13320000.0,0.0
13325000.0,0.0
13330000.0,0.0
13335000.0,0.0
13340000.0,0.0
13345000.0,0.0
13350000.0,0.0
13355000.0,0.0
13360000.0,0.0
13365000.0,0.0
13370000.0,0.0
13375000.0,0.0
13380000.0,0.0
13385000.0,0.0
13390000.0,0.0
13395000.0,0.0
13400000.0,0.0
13405000.0,0.0
13410000.0,0.0
13415000.0,0.0
13420000.0,0.0
13425000.0,0.0
13430000.0,0.0
13435000.0,0.0
13440000.0,0.0
13445000.0,0.0
13450000.0,0.0
13455000.0,0.0
13460000.0,0.0
13465000.0,0.0
13470000.0,0.0
13475000.0,0.0
13480000.0,0.0
13485000.0,0.0
13490000.0,0.0
13495000.0,0.0
13500000.0,0.0
13505000.0,0.0
13510000.0,0.0
13515000.0,0.0
13520000.0,0.0
13525000.0,0.0
13530000.0,0.0
13535000.0,0.0
13540000.0,0.0
13545000.0,0.0
13550000.0,0.0
13555000.0,0.0
13560000.0,0.0
13565000.0,0.0
13570000.0,0.0
13575000.0,0.0
13580000.0,0.0
13585000.0,0.0
13590000.0,0.0
13595000.0,0.0
13600000.0,0.0
13605000.0,0.0
13610000.0,0.0
13615000.0,0.0
13620000.0,0.0
13625000.0,0.0
13630000.0,0.0
13635000.0,0.0
13640000.0,0.0
13645000.0,0.0
13650000.0,0.0
13655000.0,0.0
13660000.0,0.0
13665000.0,0.0
13670000.0,0.0
13675000.0,0.0
13680000.0,0.0
13685000.0,0.0
13690000.0,0.0
13695000.0,0.0
13700000.0,0.0
13705000.0,0.0
13710000.0,0.0
13715000.0,0.0
13720000.0,0.0
13725000.0,0.0
13730000.0,0.0
13735000.0,0.0
13740000.0,0.0
13745000.0,0.0
13750000.0,0.0
13755000.0,0.0
13760000.0,0.0
13765000.0,0.0
13770000.0,0.0
13775000.0,0.0
13780000.0,0.0
13785000.0,0.0
13790000.0,0.0
13795000.0,0.0
13800000.0,0.0
13805000.0,0.0
13810000.0,0.0
13815000.0,0.0
13820000.0,0.0
13825000.0,0.0
13830000.0,0.0
13835000.0,0.0
13840000.0,0.0
13845000.0,0.0
13850000.0,0.0
13855000.0,0.0
13860000.0,0.0
13865000.0,0.0
13870000.0,0.0
13875000.0,0.0
13880000.0,0.0
13885000.0,0.0
13890000.0,0.0
13895000.0,0.0
13900000.0,0.0
13905000.0,0.0
13910000.0,0.0
13915000.0,0.0
13920000.0,0.0
13925000.0,0.0
13930000.0,0.0
13935000.0,0.0
13940000.0,0.0
13945000.0,0.0
13950000.0,0.0
13955000.0,0.0
13960000.0,0.0
13965000.0,0.0
13970000.0,0.0
13975000.0,0.0
13980000.0,0.0
13985000.0,0.0
13990000.0,0.0
13995000.0,0.0
